study,experiment,n_initial,n_excluded,n,design,design_note,presentation,framing,source,a,b,c,d,pEC,PE_noC,deltaP,power,pC,pE,w_deltaP,Pearce,HPN,support_noisy_or,spport_noisy_and_not,EI,RW,rating,question,scale,anchors,reference,note,comments,,,,comments,
White (2003),1,50,1,49,within-subjects,3 (pCI: .17 vs. .33 vs. .50) x 2 (1.0/ 0.5 for high vs. 0.5/ 0.0 for low occurrence rate) ANOVA with repeated measures on both factors and 2 (deltaP: .5 vs. .25) x 2 (.67 vs. .33 occurrence rate) ANOVA with repeated measures on both factors.,simultaneous,generative,"Table 4, 5",4,0,10,10,1.00,0.50,0.50,1.00,0.17,0.58,0.60,0.68,0.72,1.61,-1.61,0.26,0.54,39.22,Please rate the likelihood of this statement being right for Patient [initials]: BA causes the patient’s allergic reactions.,0-100,0 = the statement is definitely not right; 100 = the statement is definitely right.,"White, P. A. (2003). Making Causal Judgments From the Proportion of Confirming Instances: The pCI Rule. Journal of Experimental Psychology: Learning, Memory, and Cognition, 29( 4), 710–727",,,,,,,
White (2003),1,50,1,49,within-subjects,3 (pCI: .17 vs. .33 vs. .50) x 2 (1.0/ 0.5 for high vs. 0.5/ 0.0 for low occurrence rate) ANOVA with repeated measures on both factors and 2 (deltaP: .5 vs. .25) x 2 (.67 vs. .33 occurrence rate) ANOVA with repeated measures on both factors.,simultaneous,generative,"Table 4, 5",10,10,0,4,0.50,0.00,0.50,0.50,0.83,0.42,0.50,0.57,0.47,1.07,-1.42,0.25,0.46,43.22,Please rate the likelihood of this statement being right for Patient [initials]: BA causes the patient’s allergic reactions.,0-100,0 = the statement is definitely not right; 100 = the statement is definitely right.,"White, P. A. (2003). Making Causal Judgments From the Proportion of Confirming Instances: The pCI Rule. Journal of Experimental Psychology: Learning, Memory, and Cognition, 29( 4), 710–727",,,,,,,
White (2003),1,50,1,49,within-subjects,3 (pCI: .17 vs. .33 vs. .50) x 2 (1.0/ 0.5 for high vs. 0.5/ 0.0 for low occurrence rate) ANOVA with repeated measures on both factors and 2 (deltaP: .5 vs. .25) x 2 (.67 vs. .33 occurrence rate) ANOVA with repeated measures on both factors.,simultaneous,generative,"Table 4, 5",8,0,8,8,1.00,0.50,0.50,1.00,0.33,0.67,0.60,0.68,0.72,2.98,-2.20,0.50,0.54,53.71,Please rate the likelihood of this statement being right for Patient [initials]: BA causes the patient’s allergic reactions.,0-100,0 = the statement is definitely not right; 100 = the statement is definitely right.,"White, P. A. (2003). Making Causal Judgments From the Proportion of Confirming Instances: The pCI Rule. Journal of Experimental Psychology: Learning, Memory, and Cognition, 29( 4), 710–727",,,,,,,
White (2003),1,50,1,49,within-subjects,3 (pCI: .17 vs. .33 vs. .50) x 2 (1.0/ 0.5 for high vs. 0.5/ 0.0 for low occurrence rate) ANOVA with repeated measures on both factors and 2 (deltaP: .5 vs. .25) x 2 (.67 vs. .33 occurrence rate) ANOVA with repeated measures on both factors.,simultaneous,generative,"Table 4, 5",8,8,0,8,0.50,0.00,0.50,0.50,0.67,0.33,0.50,0.57,0.47,2.34,-1.63,0.34,0.46,46.63,Please rate the likelihood of this statement being right for Patient [initials]: BA causes the patient’s allergic reactions.,0-100,0 = the statement is definitely not right; 100 = the statement is definitely right.,"White, P. A. (2003). Making Causal Judgments From the Proportion of Confirming Instances: The pCI Rule. Journal of Experimental Psychology: Learning, Memory, and Cognition, 29( 4), 710–727",,,,,,,
White (2003),1,50,1,49,within-subjects,3 (pCI: .17 vs. .33 vs. .50) x 2 (1.0/ 0.5 for high vs. 0.5/ 0.0 for low occurrence rate) ANOVA with repeated measures on both factors and 2 (deltaP: .5 vs. .25) x 2 (.67 vs. .33 occurrence rate) ANOVA with repeated measures on both factors.,simultaneous,generative,"Table 4, 5",12,0,6,6,1.00,0.50,0.50,1.00,0.50,0.75,0.60,0.68,0.72,3.84,-2.56,0.68,0.54,66.59,Please rate the likelihood of this statement being right for Patient [initials]: BA causes the patient’s allergic reactions.,0-100,0 = the statement is definitely not right; 100 = the statement is definitely right.,"White, P. A. (2003). Making Causal Judgments From the Proportion of Confirming Instances: The pCI Rule. Journal of Experimental Psychology: Learning, Memory, and Cognition, 29( 4), 710–727",,,,,,,
White (2003),1,50,1,49,within-subjects,3 (pCI: .17 vs. .33 vs. .50) x 2 (1.0/ 0.5 for high vs. 0.5/ 0.0 for low occurrence rate) ANOVA with repeated measures on both factors and 2 (deltaP: .5 vs. .25) x 2 (.67 vs. .33 occurrence rate) ANOVA with repeated measures on both factors.,simultaneous,generative,"Table 4, 5",6,6,0,12,0.50,0.00,0.50,0.50,0.50,0.25,0.50,0.57,0.47,3.14,-1.62,0.44,0.46,56.63,Please rate the likelihood of this statement being right for Patient [initials]: BA causes the patient’s allergic reactions.,0-100,0 = the statement is definitely not right; 100 = the statement is definitely right.,"White, P. A. (2003). Making Causal Judgments From the Proportion of Confirming Instances: The pCI Rule. Journal of Experimental Psychology: Learning, Memory, and Cognition, 29( 4), 710–727",,,,,,,
White (2003),1,50,1,49,within-subjects,3 (pCI: .17 vs. .33 vs. .50) x 2 (1.0/ 0.5 for high vs. 0.5/ 0.0 for low occurrence rate) ANOVA with repeated measures on both factors and 2 (deltaP: .5 vs. .25) x 2 (.67 vs. .33 occurrence rate) ANOVA with repeated measures on both factors.,simultaneous,generative,"Table 4, 5",12,4,4,4,0.75,0.50,0.25,0.50,0.67,0.67,0.35,0.39,0.40,0.54,-1.84,0.49,0.26,54.61,Please rate the likelihood of this statement being right for Patient [initials]: BA causes the patient’s allergic reactions.,0-100,0 = the statement is definitely not right; 100 = the statement is definitely right.,"White, P. A. (2003). Making Causal Judgments From the Proportion of Confirming Instances: The pCI Rule. Journal of Experimental Psychology: Learning, Memory, and Cognition, 29( 4), 710–727",,,,,,,
White (2003),1,50,1,49,within-subjects,3 (pCI: .17 vs. .33 vs. .50) x 2 (1.0/ 0.5 for high vs. 0.5/ 0.0 for low occurrence rate) ANOVA with repeated measures on both factors and 2 (deltaP: .5 vs. .25) x 2 (.67 vs. .33 occurrence rate) ANOVA with repeated measures on both factors.,simultaneous,generative,"Table 4, 5",4,4,4,12,0.50,0.25,0.25,0.33,0.33,0.33,0.30,0.34,0.30,0.14,-1.20,0.31,0.24,39.08,Please rate the likelihood of this statement being right for Patient [initials]: BA causes the patient’s allergic reactions.,0-100,0 = the statement is definitely not right; 100 = the statement is definitely right.,"White, P. A. (2003). Making Causal Judgments From the Proportion of Confirming Instances: The pCI Rule. Journal of Experimental Psychology: Learning, Memory, and Cognition, 29( 4), 710–727",,,,,,,
White (2003),2,,,40,within-subjects,3 (pCI: .17 vs. .33 vs. .50) x 2 (1.0/ 0.5 for high vs. 0.5/ 0.0 for low occurrence rate) ANOVA with repeated measures on both factors and 2 (deltaP: .5 vs. .25) x 2 (.67 vs. .33 occurrence rate) ANOVA with repeated measures on both factors.,trial-by-trial,generative,"Table 4, 5",4,0,10,10,1.00,0.50,0.50,1.00,0.17,0.58,0.60,0.68,0.72,1.61,-1.61,0.26,0.54,39.97,Please rate the likelihood of this statement being right for Patient [initials]: manganese trioxide causes the patient’s allergic reactions.,0-100,0 = means that the statement is definitely not right; 100 = the statement is definitely right.,"White, P. A. (2003). Making Causal Judgments From the Proportion of Confirming Instances: The pCI Rule. Journal of Experimental Psychology: Learning, Memory, and Cognition, 29( 4), 710–727","The experimenter was blind to the aims, hypotheses, and design of the study. In each trial, the experimenter indicated whether or not manganese trioxide was present. The participant then predicted whether or not an allergic reaction would occur: if the participant said “Yes” and an allergic reaction actually occurred: “Correct – an allergic reaction occurred”; if no allergic reaction occurred: “Incorrect – no allergic reaction occurred.” If the participant said “No” and an allergic reaction actually occurred: “Incorrect – an allergic reaction occurred”; if no allergic reaction occurred: “Correct – no allergic reaction occurred.” This procedure was repeated for 24 trials per task. After the 24 trials were completed, the participant was asked to rate the extent to which they agreed with the statement that manganese trioxide causes an allergic reaction in the patients.",,,,,,
White (2003),2,,,40,within-subjects,3 (pCI: .17 vs. .33 vs. .50) x 2 (1.0/ 0.5 for high vs. 0.5/ 0.0 for low occurrence rate) ANOVA with repeated measures on both factors and 2 (deltaP: .5 vs. .25) x 2 (.67 vs. .33 occurrence rate) ANOVA with repeated measures on both factors.,trial-by-trial,generative,"Table 4, 5",10,10,0,4,0.50,0.00,0.50,0.50,0.83,0.42,0.50,0.57,0.47,1.07,-1.42,0.25,0.46,46.87,Please rate the likelihood of this statement being right for Patient [initials]: manganese trioxide causes the patient’s allergic reactions.,0-100,0 = means that the statement is definitely not right; 100 = the statement is definitely right.,"White, P. A. (2003). Making Causal Judgments From the Proportion of Confirming Instances: The pCI Rule. Journal of Experimental Psychology: Learning, Memory, and Cognition, 29( 4), 710–727","The experimenter was blind to the aims, hypotheses, and design of the study. In each trial, the experimenter indicated whether or not manganese trioxide was present. The participant then predicted whether or not an allergic reaction would occur: if the participant said “Yes” and an allergic reaction actually occurred: “Correct – an allergic reaction occurred”; if no allergic reaction occurred: “Incorrect – no allergic reaction occurred.” If the participant said “No” and an allergic reaction actually occurred: “Incorrect – an allergic reaction occurred”; if no allergic reaction occurred: “Correct – no allergic reaction occurred.” This procedure was repeated for 24 trials per task. After the 24 trials were completed, the participant was asked to rate the extent to which they agreed with the statement that manganese trioxide causes an allergic reaction in the patients.",,,,,,
White (2003),2,,,40,within-subjects,3 (pCI: .17 vs. .33 vs. .50) x 2 (1.0/ 0.5 for high vs. 0.5/ 0.0 for low occurrence rate) ANOVA with repeated measures on both factors and 2 (deltaP: .5 vs. .25) x 2 (.67 vs. .33 occurrence rate) ANOVA with repeated measures on both factors.,trial-by-trial,generative,"Table 4, 5",8,0,8,8,1.00,0.50,0.50,1.00,0.33,0.67,0.60,0.68,0.72,2.98,-2.20,0.50,0.54,59.85,Please rate the likelihood of this statement being right for Patient [initials]: manganese trioxide causes the patient’s allergic reactions.,0-100,0 = means that the statement is definitely not right; 100 = the statement is definitely right.,"White, P. A. (2003). Making Causal Judgments From the Proportion of Confirming Instances: The pCI Rule. Journal of Experimental Psychology: Learning, Memory, and Cognition, 29( 4), 710–727","The experimenter was blind to the aims, hypotheses, and design of the study. In each trial, the experimenter indicated whether or not manganese trioxide was present. The participant then predicted whether or not an allergic reaction would occur: if the participant said “Yes” and an allergic reaction actually occurred: “Correct – an allergic reaction occurred”; if no allergic reaction occurred: “Incorrect – no allergic reaction occurred.” If the participant said “No” and an allergic reaction actually occurred: “Incorrect – an allergic reaction occurred”; if no allergic reaction occurred: “Correct – no allergic reaction occurred.” This procedure was repeated for 24 trials per task. After the 24 trials were completed, the participant was asked to rate the extent to which they agreed with the statement that manganese trioxide causes an allergic reaction in the patients.",,,,,,
White (2003),2,,,40,within-subjects,3 (pCI: .17 vs. .33 vs. .50) x 2 (1.0/ 0.5 for high vs. 0.5/ 0.0 for low occurrence rate) ANOVA with repeated measures on both factors and 2 (deltaP: .5 vs. .25) x 2 (.67 vs. .33 occurrence rate) ANOVA with repeated measures on both factors.,trial-by-trial,generative,"Table 4, 5",8,8,0,8,0.50,0.00,0.50,0.50,0.67,0.33,0.50,0.57,0.47,2.34,-1.63,0.34,0.46,46.65,Please rate the likelihood of this statement being right for Patient [initials]: manganese trioxide causes the patient’s allergic reactions.,0-100,0 = means that the statement is definitely not right; 100 = the statement is definitely right.,"White, P. A. (2003). Making Causal Judgments From the Proportion of Confirming Instances: The pCI Rule. Journal of Experimental Psychology: Learning, Memory, and Cognition, 29( 4), 710–727","The experimenter was blind to the aims, hypotheses, and design of the study. In each trial, the experimenter indicated whether or not manganese trioxide was present. The participant then predicted whether or not an allergic reaction would occur: if the participant said “Yes” and an allergic reaction actually occurred: “Correct – an allergic reaction occurred”; if no allergic reaction occurred: “Incorrect – no allergic reaction occurred.” If the participant said “No” and an allergic reaction actually occurred: “Incorrect – an allergic reaction occurred”; if no allergic reaction occurred: “Correct – no allergic reaction occurred.” This procedure was repeated for 24 trials per task. After the 24 trials were completed, the participant was asked to rate the extent to which they agreed with the statement that manganese trioxide causes an allergic reaction in the patients.",,,,,,
White (2003),2,,,40,within-subjects,3 (pCI: .17 vs. .33 vs. .50) x 2 (1.0/ 0.5 for high vs. 0.5/ 0.0 for low occurrence rate) ANOVA with repeated measures on both factors and 2 (deltaP: .5 vs. .25) x 2 (.67 vs. .33 occurrence rate) ANOVA with repeated measures on both factors.,trial-by-trial,generative,"Table 4, 5",12,0,6,6,1.00,0.50,0.50,1.00,0.50,0.75,0.60,0.68,0.72,3.84,-2.56,0.68,0.54,73.8,Please rate the likelihood of this statement being right for Patient [initials]: manganese trioxide causes the patient’s allergic reactions.,0-100,0 = means that the statement is definitely not right; 100 = the statement is definitely right.,"White, P. A. (2003). Making Causal Judgments From the Proportion of Confirming Instances: The pCI Rule. Journal of Experimental Psychology: Learning, Memory, and Cognition, 29( 4), 710–727","The experimenter was blind to the aims, hypotheses, and design of the study. In each trial, the experimenter indicated whether or not manganese trioxide was present. The participant then predicted whether or not an allergic reaction would occur: if the participant said “Yes” and an allergic reaction actually occurred: “Correct – an allergic reaction occurred”; if no allergic reaction occurred: “Incorrect – no allergic reaction occurred.” If the participant said “No” and an allergic reaction actually occurred: “Incorrect – an allergic reaction occurred”; if no allergic reaction occurred: “Correct – no allergic reaction occurred.” This procedure was repeated for 24 trials per task. After the 24 trials were completed, the participant was asked to rate the extent to which they agreed with the statement that manganese trioxide causes an allergic reaction in the patients.",,,,,,
White (2003),2,,,40,within-subjects,3 (pCI: .17 vs. .33 vs. .50) x 2 (1.0/ 0.5 for high vs. 0.5/ 0.0 for low occurrence rate) ANOVA with repeated measures on both factors and 2 (deltaP: .5 vs. .25) x 2 (.67 vs. .33 occurrence rate) ANOVA with repeated measures on both factors.,trial-by-trial,generative,"Table 4, 5",6,6,0,12,0.50,0.00,0.50,0.50,0.50,0.25,0.50,0.57,0.47,3.14,-1.62,0.44,0.46,55.22,Please rate the likelihood of this statement being right for Patient [initials]: manganese trioxide causes the patient’s allergic reactions.,0-100,0 = means that the statement is definitely not right; 100 = the statement is definitely right.,"White, P. A. (2003). Making Causal Judgments From the Proportion of Confirming Instances: The pCI Rule. Journal of Experimental Psychology: Learning, Memory, and Cognition, 29( 4), 710–727","The experimenter was blind to the aims, hypotheses, and design of the study. In each trial, the experimenter indicated whether or not manganese trioxide was present. The participant then predicted whether or not an allergic reaction would occur: if the participant said “Yes” and an allergic reaction actually occurred: “Correct – an allergic reaction occurred”; if no allergic reaction occurred: “Incorrect – no allergic reaction occurred.” If the participant said “No” and an allergic reaction actually occurred: “Incorrect – an allergic reaction occurred”; if no allergic reaction occurred: “Correct – no allergic reaction occurred.” This procedure was repeated for 24 trials per task. After the 24 trials were completed, the participant was asked to rate the extent to which they agreed with the statement that manganese trioxide causes an allergic reaction in the patients.",,,,,,
White (2003),2,,,40,within-subjects,3 (pCI: .17 vs. .33 vs. .50) x 2 (1.0/ 0.5 for high vs. 0.5/ 0.0 for low occurrence rate) ANOVA with repeated measures on both factors and 2 (deltaP: .5 vs. .25) x 2 (.67 vs. .33 occurrence rate) ANOVA with repeated measures on both factors.,trial-by-trial,generative,"Table 4, 5",12,4,4,4,0.75,0.50,0.25,0.50,0.67,0.67,0.35,0.39,0.40,0.54,-1.84,0.49,0.26,61.12,Please rate the likelihood of this statement being right for Patient [initials]: manganese trioxide causes the patient’s allergic reactions.,0-100,0 = means that the statement is definitely not right; 100 = the statement is definitely right.,"White, P. A. (2003). Making Causal Judgments From the Proportion of Confirming Instances: The pCI Rule. Journal of Experimental Psychology: Learning, Memory, and Cognition, 29( 4), 710–727","The experimenter was blind to the aims, hypotheses, and design of the study. In each trial, the experimenter indicated whether or not manganese trioxide was present. The participant then predicted whether or not an allergic reaction would occur: if the participant said “Yes” and an allergic reaction actually occurred: “Correct – an allergic reaction occurred”; if no allergic reaction occurred: “Incorrect – no allergic reaction occurred.” If the participant said “No” and an allergic reaction actually occurred: “Incorrect – an allergic reaction occurred”; if no allergic reaction occurred: “Correct – no allergic reaction occurred.” This procedure was repeated for 24 trials per task. After the 24 trials were completed, the participant was asked to rate the extent to which they agreed with the statement that manganese trioxide causes an allergic reaction in the patients.",,,,,,
White (2003),2,,,40,within-subjects,3 (pCI: .17 vs. .33 vs. .50) x 2 (1.0/ 0.5 for high vs. 0.5/ 0.0 for low occurrence rate) ANOVA with repeated measures on both factors and 2 (deltaP: .5 vs. .25) x 2 (.67 vs. .33 occurrence rate) ANOVA with repeated measures on both factors.,trial-by-trial,generative,"Table 4, 5",4,4,4,12,0.50,0.25,0.25,0.33,0.33,0.33,0.30,0.34,0.30,0.14,-1.20,0.31,0.24,42.9,Please rate the likelihood of this statement being right for Patient [initials]: manganese trioxide causes the patient’s allergic reactions.,0-100,0 = means that the statement is definitely not right; 100 = the statement is definitely right.,"White, P. A. (2003). Making Causal Judgments From the Proportion of Confirming Instances: The pCI Rule. Journal of Experimental Psychology: Learning, Memory, and Cognition, 29( 4), 710–727","The experimenter was blind to the aims, hypotheses, and design of the study. In each trial, the experimenter indicated whether or not manganese trioxide was present. The participant then predicted whether or not an allergic reaction would occur: if the participant said “Yes” and an allergic reaction actually occurred: “Correct – an allergic reaction occurred”; if no allergic reaction occurred: “Incorrect – no allergic reaction occurred.” If the participant said “No” and an allergic reaction actually occurred: “Incorrect – an allergic reaction occurred”; if no allergic reaction occurred: “Correct – no allergic reaction occurred.” This procedure was repeated for 24 trials per task. After the 24 trials were completed, the participant was asked to rate the extent to which they agreed with the statement that manganese trioxide causes an allergic reaction in the patients.",,,,,,
White (2003),3,,,36,within-subjects,3 (pCI: .17 vs. .33 vs. .50) x 2 (1.0/ 0.5 for high vs. 0.5/ 0.0 for low occurrence rate) ANOVA with repeated measures on both factors and 2 (deltaP: .5 vs. .25) x 2 (.67 vs. .33 occurrence rate) ANOVA with repeated measures on both factors.,summary presentation procedure,generative,"Table 4, 5",4,0,10,10,1.00,0.50,0.50,1.00,0.17,0.58,0.60,0.68,0.72,1.61,-1.61,0.26,0.54,39.83,Please judge the likelihood that E263 causes allergic reactions in this patient,0-100,"0 =  E263 definitely does not cause allergic reactions in this patient,; 100 = E263 definitely does cause allergic reactions in this patient","White, P. A. (2003). Making Causal Judgments From the Proportion of Confirming Instances: The pCI Rule. Journal of Experimental Psychology: Learning, Memory, and Cognition, 29( 4), 710–727",,,,,,,
White (2003),3,,,36,within-subjects,3 (pCI: .17 vs. .33 vs. .50) x 2 (1.0/ 0.5 for high vs. 0.5/ 0.0 for low occurrence rate) ANOVA with repeated measures on both factors and 2 (deltaP: .5 vs. .25) x 2 (.67 vs. .33 occurrence rate) ANOVA with repeated measures on both factors.,summary presentation procedure,generative,"Table 4, 5",10,10,0,4,0.50,0.00,0.50,0.50,0.83,0.42,0.50,0.57,0.47,1.07,-1.42,0.25,0.46,48.31,Please judge the likelihood that E263 causes allergic reactions in this patient,0-100,"0 =  E263 definitely does not cause allergic reactions in this patient,; 100 = E263 definitely does cause allergic reactions in this patient","White, P. A. (2003). Making Causal Judgments From the Proportion of Confirming Instances: The pCI Rule. Journal of Experimental Psychology: Learning, Memory, and Cognition, 29( 4), 710–727",,,,,,,
White (2003),3,,,36,within-subjects,3 (pCI: .17 vs. .33 vs. .50) x 2 (1.0/ 0.5 for high vs. 0.5/ 0.0 for low occurrence rate) ANOVA with repeated measures on both factors and 2 (deltaP: .5 vs. .25) x 2 (.67 vs. .33 occurrence rate) ANOVA with repeated measures on both factors.,summary presentation procedure,generative,"Table 4, 5",8,0,8,8,1.00,0.50,0.50,1.00,0.33,0.67,0.60,0.68,0.72,2.98,-2.20,0.50,0.54,48.33,Please judge the likelihood that E263 causes allergic reactions in this patient,0-100,"0 =  E263 definitely does not cause allergic reactions in this patient,; 100 = E263 definitely does cause allergic reactions in this patient","White, P. A. (2003). Making Causal Judgments From the Proportion of Confirming Instances: The pCI Rule. Journal of Experimental Psychology: Learning, Memory, and Cognition, 29( 4), 710–727",,,,,,,
White (2003),3,,,36,within-subjects,3 (pCI: .17 vs. .33 vs. .50) x 2 (1.0/ 0.5 for high vs. 0.5/ 0.0 for low occurrence rate) ANOVA with repeated measures on both factors and 2 (deltaP: .5 vs. .25) x 2 (.67 vs. .33 occurrence rate) ANOVA with repeated measures on both factors.,summary presentation procedure,generative,"Table 4, 5",8,8,0,8,0.50,0.00,0.50,0.50,0.67,0.33,0.50,0.57,0.47,2.34,-1.63,0.34,0.46,49.72,Please judge the likelihood that E263 causes allergic reactions in this patient,0-100,"0 =  E263 definitely does not cause allergic reactions in this patient,; 100 = E263 definitely does cause allergic reactions in this patient","White, P. A. (2003). Making Causal Judgments From the Proportion of Confirming Instances: The pCI Rule. Journal of Experimental Psychology: Learning, Memory, and Cognition, 29( 4), 710–727",,,,,,,
White (2003),3,,,36,within-subjects,3 (pCI: .17 vs. .33 vs. .50) x 2 (1.0/ 0.5 for high vs. 0.5/ 0.0 for low occurrence rate) ANOVA with repeated measures on both factors and 2 (deltaP: .5 vs. .25) x 2 (.67 vs. .33 occurrence rate) ANOVA with repeated measures on both factors.,summary presentation procedure,generative,"Table 4, 5",12,0,6,6,1.00,0.50,0.50,1.00,0.50,0.75,0.60,0.68,0.72,3.84,-2.56,0.68,0.54,56.31,Please judge the likelihood that E263 causes allergic reactions in this patient,0-100,"0 =  E263 definitely does not cause allergic reactions in this patient,; 100 = E263 definitely does cause allergic reactions in this patient","White, P. A. (2003). Making Causal Judgments From the Proportion of Confirming Instances: The pCI Rule. Journal of Experimental Psychology: Learning, Memory, and Cognition, 29( 4), 710–727",,,,,,,
White (2003),3,,,36,within-subjects,3 (pCI: .17 vs. .33 vs. .50) x 2 (1.0/ 0.5 for high vs. 0.5/ 0.0 for low occurrence rate) ANOVA with repeated measures on both factors and 2 (deltaP: .5 vs. .25) x 2 (.67 vs. .33 occurrence rate) ANOVA with repeated measures on both factors.,summary presentation procedure,generative,"Table 4, 5",6,6,0,12,0.50,0.00,0.50,0.50,0.50,0.25,0.50,0.57,0.47,3.14,-1.62,0.44,0.46,47.53,Please judge the likelihood that E263 causes allergic reactions in this patient,0-100,"0 =  E263 definitely does not cause allergic reactions in this patient,; 100 = E263 definitely does cause allergic reactions in this patient","White, P. A. (2003). Making Causal Judgments From the Proportion of Confirming Instances: The pCI Rule. Journal of Experimental Psychology: Learning, Memory, and Cognition, 29( 4), 710–727",,,,,,,
White (2003),3,,,36,within-subjects,3 (pCI: .17 vs. .33 vs. .50) x 2 (1.0/ 0.5 for high vs. 0.5/ 0.0 for low occurrence rate) ANOVA with repeated measures on both factors and 2 (deltaP: .5 vs. .25) x 2 (.67 vs. .33 occurrence rate) ANOVA with repeated measures on both factors.,summary presentation procedure,generative,"Table 4, 5",12,4,4,4,0.75,0.50,0.25,0.50,0.67,0.67,0.35,0.39,0.40,0.54,-1.84,0.49,0.26,50.86,Please judge the likelihood that E263 causes allergic reactions in this patient,0-100,"0 =  E263 definitely does not cause allergic reactions in this patient,; 100 = E263 definitely does cause allergic reactions in this patient","White, P. A. (2003). Making Causal Judgments From the Proportion of Confirming Instances: The pCI Rule. Journal of Experimental Psychology: Learning, Memory, and Cognition, 29( 4), 710–727",,,,,,,
White (2003),3,,,36,within-subjects,3 (pCI: .17 vs. .33 vs. .50) x 2 (1.0/ 0.5 for high vs. 0.5/ 0.0 for low occurrence rate) ANOVA with repeated measures on both factors and 2 (deltaP: .5 vs. .25) x 2 (.67 vs. .33 occurrence rate) ANOVA with repeated measures on both factors.,summary presentation procedure,generative,"Table 4, 5",4,4,4,12,0.50,0.25,0.25,0.33,0.33,0.33,0.30,0.34,0.30,0.14,-1.20,0.31,0.24,34.22,Please judge the likelihood that E263 causes allergic reactions in this patient,0-100,"0 =  E263 definitely does not cause allergic reactions in this patient,; 100 = E263 definitely does cause allergic reactions in this patient","White, P. A. (2003). Making Causal Judgments From the Proportion of Confirming Instances: The pCI Rule. Journal of Experimental Psychology: Learning, Memory, and Cognition, 29( 4), 710–727",,,,,,,
White (2003),4,,,42,within-subjects,"2 (frequency: 24 vs. 48 instances) x 2 (pCI: .17 vs. .50) x 2 (high vs. low occurrence rate)
within-subjects ANOVA",simultaneous,generative,"Table 7,8",4,0,10,10,1.00,0.50,0.50,,0.17,0.58,,,,,,,,44.03,Please rate the likelihood of this statement being right for patient [initials]: E263 causes the patient’s allergic reactions.,0-100,0 =  definitely not right; 100 = definitely right.,"White, P. A. (2003). Making Causal Judgments From the Proportion of Confirming Instances: The pCI Rule. Journal of Experimental Psychology: Learning, Memory, and Cognition, 29( 4), 710–727",,,,,,,
White (2003),4,,,42,within-subjects,"2 (frequency; 24 vs. 48 instances) x 2 (pCI; .17 vs. .50) x 2 (high vs. low occurrence rate)
within-subjects ANOVA",simultaneous,generative,"Table 7,8",8,0,20,20,1.00,0.50,0.50,,0.17,0.58,,,,,,,,44.76,Please rate the likelihood of this statement being right for patient [initials]: E263 causes the patient’s allergic reactions.,0-100,0 =  definitely not right; 100 = definitely right.,"White, P. A. (2003). Making Causal Judgments From the Proportion of Confirming Instances: The pCI Rule. Journal of Experimental Psychology: Learning, Memory, and Cognition, 29( 4), 710–727",,,,,,,
White (2003),4,,,42,within-subjects,"2 (frequency; 24 vs. 48 instances) x 2 (pCI; .17 vs. .50) x 2 (high vs. low occurrence rate)
within-subjects ANOVA",simultaneous,generative,"Table 7,8",10,10,0,4,0.50,0.00,0.50,,0.83,0.42,,,,,,,,50.24,Please rate the likelihood of this statement being right for patient [initials]: E263 causes the patient’s allergic reactions.,0-100,0 =  definitely not right; 100 = definitely right.,"White, P. A. (2003). Making Causal Judgments From the Proportion of Confirming Instances: The pCI Rule. Journal of Experimental Psychology: Learning, Memory, and Cognition, 29( 4), 710–727",,,,,,,
White (2003),4,,,42,within-subjects,"2 (frequency; 24 vs. 48 instances) x 2 (pCI; .17 vs. .50) x 2 (high vs. low occurrence rate)
within-subjects ANOVA",simultaneous,generative,"Table 7,8",20,20,0,8,0.50,0.00,0.50,,0.83,0.42,,,,,,,,54.64,Please rate the likelihood of this statement being right for patient [initials]: E263 causes the patient’s allergic reactions.,0-100,0 =  definitely not right; 100 = definitely right.,"White, P. A. (2003). Making Causal Judgments From the Proportion of Confirming Instances: The pCI Rule. Journal of Experimental Psychology: Learning, Memory, and Cognition, 29( 4), 710–727",,,,,,,
White (2003),4,,,42,within-subjects,"2 (frequency; 24 vs. 48 instances) x 2 (pCI; .17 vs. .50) x 2 (high vs. low occurrence rate)
within-subjects ANOVA",simultaneous,generative,"Table 7,8",12,0,6,6,1.00,0.50,0.50,,0.50,0.75,,,,,,,,67.07,Please rate the likelihood of this statement being right for patient [initials]: E263 causes the patient’s allergic reactions.,0-100,0 =  definitely not right; 100 = definitely right.,"White, P. A. (2003). Making Causal Judgments From the Proportion of Confirming Instances: The pCI Rule. Journal of Experimental Psychology: Learning, Memory, and Cognition, 29( 4), 710–727",,,,,,,
White (2003),4,,,42,within-subjects,"2 (frequency; 24 vs. 48 instances) x 2 (pCI; .17 vs. .50) x 2 (high vs. low occurrence rate)
within-subjects ANOVA",simultaneous,generative,"Table 7,8",24,0,12,12,1.00,0.50,0.50,,0.50,0.75,,,,,,,,70.02,Please rate the likelihood of this statement being right for patient [initials]: E263 causes the patient’s allergic reactions.,0-100,0 =  definitely not right; 100 = definitely right.,"White, P. A. (2003). Making Causal Judgments From the Proportion of Confirming Instances: The pCI Rule. Journal of Experimental Psychology: Learning, Memory, and Cognition, 29( 4), 710–727",,,,,,,
White (2003),4,,,42,within-subjects,"2 (frequency; 24 vs. 48 instances) x 2 (pCI; .17 vs. .50) x 2 (high vs. low occurrence rate)
within-subjects ANOVA",simultaneous,generative,"Table 7,8",6,6,0,12,0.50,0.00,0.50,,0.50,0.25,,,,,,,,59.62,Please rate the likelihood of this statement being right for patient [initials]: E263 causes the patient’s allergic reactions.,0-100,0 =  definitely not right; 100 = definitely right.,"White, P. A. (2003). Making Causal Judgments From the Proportion of Confirming Instances: The pCI Rule. Journal of Experimental Psychology: Learning, Memory, and Cognition, 29( 4), 710–727",,,,,,,
White (2003),4,,,42,within-subjects,"2 (frequency; 24 vs. 48 instances) x 2 (pCI; .17 vs. .50) x 2 (high vs. low occurrence rate)
within-subjects ANOVA",simultaneous,generative,"Table 7,8",12,12,0,24,0.5,0,0.5,,0.5,0.25,,,,,,,,58.71,Please rate the likelihood of this statement being right for patient [initials]: E263 causes the patient’s allergic reactions.,0-100,0 =  definitely not right; 100 = definitely right.,"White, P. A. (2003). Making Causal Judgments From the Proportion of Confirming Instances: The pCI Rule. Journal of Experimental Psychology: Learning, Memory, and Cognition, 29( 4), 710–727",,,,,,,
White (2003),5,,,39,within-subjects,4 (pCI; -.2 vs. .1 vs. .4 vs. .7) x 2 (p(C); .2 vs. .8) within-subjects ANOVA,simultaneous,generative,"Table 9, 10",8,0,24,8,1.00,0.75,0.25,,0.2,0.8,,,,,,,,26.23,Please rate the extent to which E263 causes the patient’s allergic reactions.,0-100,0 = E263 did not cause the patient’s allergic reactions at all; 100 = E263 was a very strong cause of the patient’s allergic reactions.,"White, P. A. (2003). Making Causal Judgments From the Proportion of Confirming Instances: The pCI Rule. Journal of Experimental Psychology: Learning, Memory, and Cognition, 29( 4), 710–727",,,,,,,
White (2003),5,,,39,within-subjects,4 (pCI; -.2 vs. .1 vs. .4 vs. .7) x 2 (p(C); .2 vs. .8) within-subjects ANOVA,simultaneous,generative,"Table 9, 10",8,24,0,8,0.25,0,0.25,,0.8,0.2,,,,,,,,27.08,Please rate the extent to which E263 causes the patient’s allergic reactions.,0-100,0 = E263 did not cause the patient’s allergic reactions at all; 100 = E263 was a very strong cause of the patient’s allergic reactions.,"White, P. A. (2003). Making Causal Judgments From the Proportion of Confirming Instances: The pCI Rule. Journal of Experimental Psychology: Learning, Memory, and Cognition, 29( 4), 710–727",,,,,,,
White (2003),5,,,39,within-subjects,4 (pCI; -.2 vs. .1 vs. .4 vs. .7) x 2 (p(C); .2 vs. .8) within-subjects ANOVA,simultaneous,generative,"Table 9, 10",6,2,16,16,0.75,0.5,0.25,,0.2,0.55,,,,,,,,28.49,Please rate the extent to which E263 causes the patient’s allergic reactions.,0-100,0 = E263 did not cause the patient’s allergic reactions at all; 100 = E263 was a very strong cause of the patient’s allergic reactions.,"White, P. A. (2003). Making Causal Judgments From the Proportion of Confirming Instances: The pCI Rule. Journal of Experimental Psychology: Learning, Memory, and Cognition, 29( 4), 710–727",,,,,,,
White (2003),5,,,39,within-subjects,4 (pCI; -.2 vs. .1 vs. .4 vs. .7) x 2 (p(C); .2 vs. .8) within-subjects ANOVA,simultaneous,generative,"Table 9, 10",16,16,2,6,0.5,0.25,0.25,,0.8,0.45,,,,,,,,37.38,Please rate the extent to which E263 causes the patient’s allergic reactions.,0-100,0 = E263 did not cause the patient’s allergic reactions at all; 100 = E263 was a very strong cause of the patient’s allergic reactions.,"White, P. A. (2003). Making Causal Judgments From the Proportion of Confirming Instances: The pCI Rule. Journal of Experimental Psychology: Learning, Memory, and Cognition, 29( 4), 710–727",,,,,,,
White (2003),5,,,39,within-subjects,4 (pCI; -.2 vs. .1 vs. .4 vs. .7) x 2 (p(C); .2 vs. .8) within-subjects ANOVA,simultaneous,generative,"Table 9, 10",4,4,8,24,0.5,0.25,0.25,,0.2,0.3,,,,,,,,37.21,Please rate the extent to which E263 causes the patient’s allergic reactions.,0-100,0 = E263 did not cause the patient’s allergic reactions at all; 100 = E263 was a very strong cause of the patient’s allergic reactions.,"White, P. A. (2003). Making Causal Judgments From the Proportion of Confirming Instances: The pCI Rule. Journal of Experimental Psychology: Learning, Memory, and Cognition, 29( 4), 710–727",,,,,,,
White (2003),5,,,39,within-subjects,4 (pCI; -.2 vs. .1 vs. .4 vs. .7) x 2 (p(C); .2 vs. .8) within-subjects ANOVA,simultaneous,generative,"Table 9, 10",24,8,4,4,0.75,0.5,0.25,,0.8,0.7,,,,,,,,53.64,Please rate the extent to which E263 causes the patient’s allergic reactions.,0-100,0 = E263 did not cause the patient’s allergic reactions at all; 100 = E263 was a very strong cause of the patient’s allergic reactions.,"White, P. A. (2003). Making Causal Judgments From the Proportion of Confirming Instances: The pCI Rule. Journal of Experimental Psychology: Learning, Memory, and Cognition, 29( 4), 710–727",,,,,,,
White (2003),5,,,39,within-subjects,4 (pCI; -.2 vs. .1 vs. .4 vs. .7) x 2 (p(C); .2 vs. .8) within-subjects ANOVA,simultaneous,generative,"Table 9, 10",2,6,0,32,0.25,0,0.25,,0.2,0.05,,,,,,,,41.05,Please rate the extent to which E263 causes the patient’s allergic reactions.,0-100,0 = E263 did not cause the patient’s allergic reactions at all; 100 = E263 was a very strong cause of the patient’s allergic reactions.,"White, P. A. (2003). Making Causal Judgments From the Proportion of Confirming Instances: The pCI Rule. Journal of Experimental Psychology: Learning, Memory, and Cognition, 29( 4), 710–727",,,,,,,
White (2003),5,,,39,within-subjects,4 (pCI; -.2 vs. .1 vs. .4 vs. .7) x 2 (p(C); .2 vs. .8) within-subjects ANOVA,simultaneous,generative,"Table 9, 10",32,0,6,2,1,0.75,0.25,,0.8,0.95,,,,,,,,70.33,Please rate the extent to which E263 causes the patient’s allergic reactions.,0-101,0 = E263 did not cause the patient’s allergic reactions at all; 100 = E263 was a very strong cause of the patient’s allergic reactions.,"White, P. A. (2003). Making Causal Judgments From the Proportion of Confirming Instances: The pCI Rule. Journal of Experimental Psychology: Learning, Memory, and Cognition, 29( 4), 710–727",,,,,,,
White (2003),6,,,43,within-subjects,"2 (pCI; -.17 vs. .17) x 2 (low vs. high occurrence rate) ANOVA with repeated measures on both factors, while holding deltaP constant at zero and constant the values of other variables.",trial-by-trial,generative,"Table 11, 12",6,12,2,4,0.33,0.33,0.00,0.00,0.75,0.33,0.06,0.07,0.05,-1.16,-0.50,-0.10,0.00,31,Please judge the extent to which they agreed with the statement that manganese trioxide causes allergic reactions in the patient.,0-100,0 = means that the statement is definitely not right; 100 = the statement is definitely right.,"White, P. A. (2003). Making Causal Judgments From the Proportion of Confirming Instances: The pCI Rule. Journal of Experimental Psychology: Learning, Memory, and Cognition, 29( 4), 710–727",,,,,,,
White (2003),6,,,43,within-subjects,"2 (pCI; -.17 vs. .17) x 2 (low vs. high occurrence rate) ANOVA with repeated measures on both factors, while holding deltaP constant at zero and constant the values of other variables.",trial-by-trial,generative,"Table 11, 12",4,2,12,6,0.67,0.67,0.00,0.00,0.25,0.67,0.13,0.14,0.13,-0.48,-0.93,-0.04,0.00,35,Please judge the extent to which they agreed with the statement that manganese trioxide causes allergic reactions in the patient.,0-100,0 = means that the statement is definitely not right; 100 = the statement is definitely right.,"White, P. A. (2003). Making Causal Judgments From the Proportion of Confirming Instances: The pCI Rule. Journal of Experimental Psychology: Learning, Memory, and Cognition, 29( 4), 710–727",,,,,,,
White (2003),6,,,43,within-subjects,"2 (pCI; -.17 vs. .17) x 2 (low vs. high occurrence rate) ANOVA with repeated measures on both factors, while holding deltaP constant at zero and constant the values of other variables.",trial-by-trial,generative,"Table 11, 12",2,4,6,12,0.33,0.33,0.00,0.00,0.25,0.33,0.06,0.07,0.05,-0.93,-0.48,0.10,0.00,29,Please judge the extent to which they agreed with the statement that manganese trioxide causes allergic reactions in the patient.,0-100,0 = means that the statement is definitely not right; 100 = the statement is definitely right.,"White, P. A. (2003). Making Causal Judgments From the Proportion of Confirming Instances: The pCI Rule. Journal of Experimental Psychology: Learning, Memory, and Cognition, 29( 4), 710–727",,,,,,,
White (2003),6,,,43,within-subjects,"2 (pCI; -.17 vs. .17) x 2 (low vs. high occurrence rate) ANOVA with repeated measures on both factors, while holding deltaP constant at zero and constant the values of other variables.",trial-by-trial,generative,"Table 11, 12",12,6,4,2,0.67,0.67,0.00,0.00,0.75,0.67,0.13,0.14,0.13,-0.50,-1.16,0.36,0.00,54,Please judge the extent to which they agreed with the statement that manganese trioxide causes allergic reactions in the patient.,0-100,0 = means that the statement is definitely not right; 100 = the statement is definitely right.,"White, P. A. (2003). Making Causal Judgments From the Proportion of Confirming Instances: The pCI Rule. Journal of Experimental Psychology: Learning, Memory, and Cognition, 29( 4), 710–727",,,,,,,