study,experiment,n_initial,n_excluded,n,design,design_note,presentation,framing,source,a,b,c,d,pEC,PE_noC,deltaP,power,pC,pE,w_deltaP,Pearce,HPN,support_noisy_or,spport_noisy_and_not,EI,RW,rating,question,scale,anchors,reference,note,comments,
White (2004),1,44,2,42,within-subjects,"Three separate experimental designs were used. In each design, p(C) was varied across four values: 0.2, 0.4, 0.6, and 0.8. In the design with ΔP = 0.75, a/(a + b) was varied across two values: 1.0 and 0.75. In the design with ΔP = 0.5, a/(a + b) was varied across three values: 1.0, 0.75, and 0.5. In the design with ΔP = 0, a/(a + b) was varied across five values: 0.875, 0.75, 0.5, 0.25 and 0.125. The number of evaluation tasks in the respective designs was 8, 12, and 20, total of 40 tasks.",simultaneous,bidirectional,Table 2,8,0,8,24,,,.75',,.2,,,,,,,,,48.26,“To what extent did this chemical affect the occurrence of red spots in the brunnera plants?”,-100- +100',- 100 = the chemical very strongly prevented the plants from having red spots; 0 = the chemical had no effect either way; + 100 means that the chemical very strongly caused the plants to have red spots,"White, P.A. (2004). Causal judgment from contingency information: A systematic test of the pCI rule. Memory & Cognition 32, 353–368. https://doi.org/10.3758/BF03195830",,,
White (2004),1,44,2,42,within-subjects,"Three separate experimental designs were used. In each design, p(C) was varied across four values: 0.2, 0.4, 0.6, and 0.8. In the design with ΔP = 0.75, a/(a + b) was varied across two values: 1.0 and 0.75. In the design with ΔP = 0.5, a/(a + b) was varied across three values: 1.0, 0.75, and 0.5. In the design with ΔP = 0, a/(a + b) was varied across five values: 0.875, 0.75, 0.5, 0.25 and 0.125. The number of evaluation tasks in the respective designs was 8, 12, and 20, total of 40 tasks.",simultaneous,bidirectional,Table 2,16,0,6,18,,,.75',,.4,,,,,,,,,64.05,“To what extent did this chemical affect the occurrence of red spots in the brunnera plants?”,-100- +100',- 100 = the chemical very strongly prevented the plants from having red spots; 0 = the chemical had no effect either way; + 100 means that the chemical very strongly caused the plants to have red spots,"White, P.A. (2004). Causal judgment from contingency information: A systematic test of the pCI rule. Memory & Cognition 32, 353–368. https://doi.org/10.3758/BF03195830",,,
White (2004),1,44,2,42,within-subjects,"Three separate experimental designs were used. In each design, p(C) was varied across four values: 0.2, 0.4, 0.6, and 0.8. In the design with ΔP = 0.75, a/(a + b) was varied across two values: 1.0 and 0.75. In the design with ΔP = 0.5, a/(a + b) was varied across three values: 1.0, 0.75, and 0.5. In the design with ΔP = 0, a/(a + b) was varied across five values: 0.875, 0.75, 0.5, 0.25 and 0.125. The number of evaluation tasks in the respective designs was 8, 12, and 20, total of 40 tasks.",simultaneous,bidirectional,Table 2,24,0,4,12,,,.75',,.6,,,,,,,,,74.81,“To what extent did this chemical affect the occurrence of red spots in the brunnera plants?”,-100- +100',- 100 = the chemical very strongly prevented the plants from having red spots; 0 = the chemical had no effect either way; + 100 means that the chemical very strongly caused the plants to have red spots,"White, P.A. (2004). Causal judgment from contingency information: A systematic test of the pCI rule. Memory & Cognition 32, 353–368. https://doi.org/10.3758/BF03195830",,,
White (2004),1,44,2,42,within-subjects,"Three separate experimental designs were used. In each design, p(C) was varied across four values: 0.2, 0.4, 0.6, and 0.8. In the design with ΔP = 0.75, a/(a + b) was varied across two values: 1.0 and 0.75. In the design with ΔP = 0.5, a/(a + b) was varied across three values: 1.0, 0.75, and 0.5. In the design with ΔP = 0, a/(a + b) was varied across five values: 0.875, 0.75, 0.5, 0.25 and 0.125. The number of evaluation tasks in the respective designs was 8, 12, and 20, total of 40 tasks.",simultaneous,bidirectional,Table 2,32,0,2,6,,,.75',,.8,,,,,,,,,88.33,“To what extent did this chemical affect the occurrence of red spots in the brunnera plants?”,-100- +100',- 100 = the chemical very strongly prevented the plants from having red spots; 0 = the chemical had no effect either way; + 100 means that the chemical very strongly caused the plants to have red spots,"White, P.A. (2004). Causal judgment from contingency information: A systematic test of the pCI rule. Memory & Cognition 32, 353–368. https://doi.org/10.3758/BF03195830",,,
White (2004),1,44,2,42,within-subjects,"Three separate experimental designs were used. In each design, p(C) was varied across four values: 0.2, 0.4, 0.6, and 0.8. In the design with ΔP = 0.75, a/(a + b) was varied across two values: 1.0 and 0.75. In the design with ΔP = 0.5, a/(a + b) was varied across three values: 1.0, 0.75, and 0.5. In the design with ΔP = 0, a/(a + b) was varied across five values: 0.875, 0.75, 0.5, 0.25 and 0.125. The number of evaluation tasks in the respective designs was 8, 12, and 20, total of 40 tasks.",simultaneous,bidirectional,Table 2,6,2,0,32,,,.75',,.2,,,,,,,,,79.79,“To what extent did this chemical affect the occurrence of red spots in the brunnera plants?”,-100- +100',- 100 = the chemical very strongly prevented the plants from having red spots; 0 = the chemical had no effect either way; + 100 means that the chemical very strongly caused the plants to have red spots,"White, P.A. (2004). Causal judgment from contingency information: A systematic test of the pCI rule. Memory & Cognition 32, 353–368. https://doi.org/10.3758/BF03195830",,,
White (2004),1,44,2,42,within-subjects,"Three separate experimental designs were used. In each design, p(C) was varied across four values: 0.2, 0.4, 0.6, and 0.8. In the design with ΔP = 0.75, a/(a + b) was varied across two values: 1.0 and 0.75. In the design with ΔP = 0.5, a/(a + b) was varied across three values: 1.0, 0.75, and 0.5. In the design with ΔP = 0, a/(a + b) was varied across five values: 0.875, 0.75, 0.5, 0.25 and 0.125. The number of evaluation tasks in the respective designs was 8, 12, and 20, total of 40 tasks.",simultaneous,bidirectional,Table 2,12,4,0,24,,,.75',,.4,,,,,,,,,58.33,“To what extent did this chemical affect the occurrence of red spots in the brunnera plants?”,-100- +100',- 100 = the chemical very strongly prevented the plants from having red spots; 0 = the chemical had no effect either way; + 100 means that the chemical very strongly caused the plants to have red spots,"White, P.A. (2004). Causal judgment from contingency information: A systematic test of the pCI rule. Memory & Cognition 32, 353–368. https://doi.org/10.3758/BF03195830",,,
White (2004),1,44,2,42,within-subjects,"Three separate experimental designs were used. In each design, p(C) was varied across four values: 0.2, 0.4, 0.6, and 0.8. In the design with ΔP = 0.75, a/(a + b) was varied across two values: 1.0 and 0.75. In the design with ΔP = 0.5, a/(a + b) was varied across three values: 1.0, 0.75, and 0.5. In the design with ΔP = 0, a/(a + b) was varied across five values: 0.875, 0.75, 0.5, 0.25 and 0.125. The number of evaluation tasks in the respective designs was 8, 12, and 20, total of 40 tasks.",simultaneous,bidirectional,Table 2,18,6,0,16,,,.75',,.6,,,,,,,,,58.38,“To what extent did this chemical affect the occurrence of red spots in the brunnera plants?”,-100- +100',- 100 = the chemical very strongly prevented the plants from having red spots; 0 = the chemical had no effect either way; + 100 means that the chemical very strongly caused the plants to have red spots,"White, P.A. (2004). Causal judgment from contingency information: A systematic test of the pCI rule. Memory & Cognition 32, 353–368. https://doi.org/10.3758/BF03195830",,,
White (2004),1,44,2,42,within-subjects,"Three separate experimental designs were used. In each design, p(C) was varied across four values: 0.2, 0.4, 0.6, and 0.8. In the design with ΔP = 0.75, a/(a + b) was varied across two values: 1.0 and 0.75. In the design with ΔP = 0.5, a/(a + b) was varied across three values: 1.0, 0.75, and 0.5. In the design with ΔP = 0, a/(a + b) was varied across five values: 0.875, 0.75, 0.5, 0.25 and 0.125. The number of evaluation tasks in the respective designs was 8, 12, and 20, total of 40 tasks.",simultaneous,bidirectional,Table 2,24,8,0,8,,,.75',,.8,,,,,,,,,59.6,“To what extent did this chemical affect the occurrence of red spots in the brunnera plants?”,-100- +100',- 100 = the chemical very strongly prevented the plants from having red spots; 0 = the chemical had no effect either way; + 100 means that the chemical very strongly caused the plants to have red spots,"White, P.A. (2004). Causal judgment from contingency information: A systematic test of the pCI rule. Memory & Cognition 32, 353–368. https://doi.org/10.3758/BF03195830",,,
White (2004),1,44,2,42,within-subjects,"Three separate experimental designs were used. In each design, p(C) was varied across four values: 0.2, 0.4, 0.6, and 0.8. In the design with ΔP = 0.75, a/(a + b) was varied across two values: 1.0 and 0.75. In the design with ΔP = 0.5, a/(a + b) was varied across three values: 1.0, 0.75, and 0.5. In the design with ΔP = 0, a/(a + b) was varied across five values: 0.875, 0.75, 0.5, 0.25 and 0.125. The number of evaluation tasks in the respective designs was 8, 12, and 20, total of 40 tasks.",simultaneous,bidirectional,Table 3,8,0,16,16,,,.5',,.2,,,,,,,,,30.29,“To what extent did this chemical affect the occurrence of red spots in the brunnera plants?”,-100- +100',- 100 = the chemical very strongly prevented the plants from having red spots; 0 = the chemical had no effect either way; + 100 means that the chemical very strongly caused the plants to have red spots,"White, P.A. (2004). Causal judgment from contingency information: A systematic test of the pCI rule. Memory & Cognition 32, 353–368. https://doi.org/10.3758/BF03195830",,,
White (2004),1,44,2,42,within-subjects,"Three separate experimental designs were used. In each design, p(C) was varied across four values: 0.2, 0.4, 0.6, and 0.8. In the design with ΔP = 0.75, a/(a + b) was varied across two values: 1.0 and 0.75. In the design with ΔP = 0.5, a/(a + b) was varied across three values: 1.0, 0.75, and 0.5. In the design with ΔP = 0, a/(a + b) was varied across five values: 0.875, 0.75, 0.5, 0.25 and 0.125. The number of evaluation tasks in the respective designs was 8, 12, and 20, total of 40 tasks.",simultaneous,bidirectional,Table 3,16,0,12,12,,,.5',,.4,,,,,,,,,44.55,“To what extent did this chemical affect the occurrence of red spots in the brunnera plants?”,-100- +100',- 100 = the chemical very strongly prevented the plants from having red spots; 0 = the chemical had no effect either way; + 100 means that the chemical very strongly caused the plants to have red spots,"White, P.A. (2004). Causal judgment from contingency information: A systematic test of the pCI rule. Memory & Cognition 32, 353–368. https://doi.org/10.3758/BF03195830",,,
White (2004),1,44,2,42,within-subjects,"Three separate experimental designs were used. In each design, p(C) was varied across four values: 0.2, 0.4, 0.6, and 0.8. In the design with ΔP = 0.75, a/(a + b) was varied across two values: 1.0 and 0.75. In the design with ΔP = 0.5, a/(a + b) was varied across three values: 1.0, 0.75, and 0.5. In the design with ΔP = 0, a/(a + b) was varied across five values: 0.875, 0.75, 0.5, 0.25 and 0.125. The number of evaluation tasks in the respective designs was 8, 12, and 20, total of 40 tasks.",simultaneous,bidirectional,Table 3,24,0,8,8,,,.5',,.6,,,,,,,,,60.48,“To what extent did this chemical affect the occurrence of red spots in the brunnera plants?”,-100- +100',- 100 = the chemical very strongly prevented the plants from having red spots; 0 = the chemical had no effect either way; + 100 means that the chemical very strongly caused the plants to have red spots,"White, P.A. (2004). Causal judgment from contingency information: A systematic test of the pCI rule. Memory & Cognition 32, 353–368. https://doi.org/10.3758/BF03195830",,,
White (2004),1,44,2,42,within-subjects,"Three separate experimental designs were used. In each design, p(C) was varied across four values: 0.2, 0.4, 0.6, and 0.8. In the design with ΔP = 0.75, a/(a + b) was varied across two values: 1.0 and 0.75. In the design with ΔP = 0.5, a/(a + b) was varied across three values: 1.0, 0.75, and 0.5. In the design with ΔP = 0, a/(a + b) was varied across five values: 0.875, 0.75, 0.5, 0.25 and 0.125. The number of evaluation tasks in the respective designs was 8, 12, and 20, total of 40 tasks.",simultaneous,bidirectional,Table 3,32,0,4,4,,,.5',,.8,,,,,,,,,79.19,“To what extent did this chemical affect the occurrence of red spots in the brunnera plants?”,-100- +100',- 100 = the chemical very strongly prevented the plants from having red spots; 0 = the chemical had no effect either way; + 100 means that the chemical very strongly caused the plants to have red spots,"White, P.A. (2004). Causal judgment from contingency information: A systematic test of the pCI rule. Memory & Cognition 32, 353–368. https://doi.org/10.3758/BF03195830",,,
White (2004),1,44,2,42,within-subjects,"Three separate experimental designs were used. In each design, p(C) was varied across four values: 0.2, 0.4, 0.6, and 0.8. In the design with ΔP = 0.75, a/(a + b) was varied across two values: 1.0 and 0.75. In the design with ΔP = 0.5, a/(a + b) was varied across three values: 1.0, 0.75, and 0.5. In the design with ΔP = 0, a/(a + b) was varied across five values: 0.875, 0.75, 0.5, 0.25 and 0.125. The number of evaluation tasks in the respective designs was 8, 12, and 20, total of 40 tasks.",simultaneous,bidirectional,Table 3,6,2,8,24,,,.5',,.2,,,,,,,,,19.81,“To what extent did this chemical affect the occurrence of red spots in the brunnera plants?”,-100- +100',- 100 = the chemical very strongly prevented the plants from having red spots; 0 = the chemical had no effect either way; + 100 means that the chemical very strongly caused the plants to have red spots,"White, P.A. (2004). Causal judgment from contingency information: A systematic test of the pCI rule. Memory & Cognition 32, 353–368. https://doi.org/10.3758/BF03195830",,,
White (2004),1,44,2,42,within-subjects,"Three separate experimental designs were used. In each design, p(C) was varied across four values: 0.2, 0.4, 0.6, and 0.8. In the design with ΔP = 0.75, a/(a + b) was varied across two values: 1.0 and 0.75. In the design with ΔP = 0.5, a/(a + b) was varied across three values: 1.0, 0.75, and 0.5. In the design with ΔP = 0, a/(a + b) was varied across five values: 0.875, 0.75, 0.5, 0.25 and 0.125. The number of evaluation tasks in the respective designs was 8, 12, and 20, total of 40 tasks.",simultaneous,bidirectional,Table 3,12,4,6,18,,,.5',,.4,,,,,,,,,35.71,“To what extent did this chemical affect the occurrence of red spots in the brunnera plants?”,-100- +100',- 100 = the chemical very strongly prevented the plants from having red spots; 0 = the chemical had no effect either way; + 100 means that the chemical very strongly caused the plants to have red spots,"White, P.A. (2004). Causal judgment from contingency information: A systematic test of the pCI rule. Memory & Cognition 32, 353–368. https://doi.org/10.3758/BF03195830",,,
White (2004),1,44,2,42,within-subjects,"Three separate experimental designs were used. In each design, p(C) was varied across four values: 0.2, 0.4, 0.6, and 0.8. In the design with ΔP = 0.75, a/(a + b) was varied across two values: 1.0 and 0.75. In the design with ΔP = 0.5, a/(a + b) was varied across three values: 1.0, 0.75, and 0.5. In the design with ΔP = 0, a/(a + b) was varied across five values: 0.875, 0.75, 0.5, 0.25 and 0.125. The number of evaluation tasks in the respective designs was 8, 12, and 20, total of 40 tasks.",simultaneous,bidirectional,Table 3,18,6,4,12,,,.5',,.6,,,,,,,,,43.24,“To what extent did this chemical affect the occurrence of red spots in the brunnera plants?”,-100- +100',- 100 = the chemical very strongly prevented the plants from having red spots; 0 = the chemical had no effect either way; + 100 means that the chemical very strongly caused the plants to have red spots,"White, P.A. (2004). Causal judgment from contingency information: A systematic test of the pCI rule. Memory & Cognition 32, 353–368. https://doi.org/10.3758/BF03195830",,,
White (2004),1,44,2,42,within-subjects,"Three separate experimental designs were used. In each design, p(C) was varied across four values: 0.2, 0.4, 0.6, and 0.8. In the design with ΔP = 0.75, a/(a + b) was varied across two values: 1.0 and 0.75. In the design with ΔP = 0.5, a/(a + b) was varied across three values: 1.0, 0.75, and 0.5. In the design with ΔP = 0, a/(a + b) was varied across five values: 0.875, 0.75, 0.5, 0.25 and 0.125. The number of evaluation tasks in the respective designs was 8, 12, and 20, total of 40 tasks.",simultaneous,bidirectional,Table 3,24,8,2,6,,,.5',,.8,,,,,,,,,44.48,“To what extent did this chemical affect the occurrence of red spots in the brunnera plants?”,-100- +100',- 100 = the chemical very strongly prevented the plants from having red spots; 0 = the chemical had no effect either way; + 100 means that the chemical very strongly caused the plants to have red spots,"White, P.A. (2004). Causal judgment from contingency information: A systematic test of the pCI rule. Memory & Cognition 32, 353–368. https://doi.org/10.3758/BF03195830",,,
White (2004),1,44,2,42,within-subjects,"Three separate experimental designs were used. In each design, p(C) was varied across four values: 0.2, 0.4, 0.6, and 0.8. In the design with ΔP = 0.75, a/(a + b) was varied across two values: 1.0 and 0.75. In the design with ΔP = 0.5, a/(a + b) was varied across three values: 1.0, 0.75, and 0.5. In the design with ΔP = 0, a/(a + b) was varied across five values: 0.875, 0.75, 0.5, 0.25 and 0.125. The number of evaluation tasks in the respective designs was 8, 12, and 20, total of 40 tasks.",simultaneous,bidirectional,Table 3,4,4,0,32,,,.5',,.2,,,,,,,,,37.45,“To what extent did this chemical affect the occurrence of red spots in the brunnera plants?”,-100- +100',- 100 = the chemical very strongly prevented the plants from having red spots; 0 = the chemical had no effect either way; + 100 means that the chemical very strongly caused the plants to have red spots,"White, P.A. (2004). Causal judgment from contingency information: A systematic test of the pCI rule. Memory & Cognition 32, 353–368. https://doi.org/10.3758/BF03195830",,,
White (2004),1,44,2,42,within-subjects,"Three separate experimental designs were used. In each design, p(C) was varied across four values: 0.2, 0.4, 0.6, and 0.8. In the design with ΔP = 0.75, a/(a + b) was varied across two values: 1.0 and 0.75. In the design with ΔP = 0.5, a/(a + b) was varied across three values: 1.0, 0.75, and 0.5. In the design with ΔP = 0, a/(a + b) was varied across five values: 0.875, 0.75, 0.5, 0.25 and 0.125. The number of evaluation tasks in the respective designs was 8, 12, and 20, total of 40 tasks.",simultaneous,bidirectional,Table 3,8,8,0,24,,,.5',,.4,,,,,,,,,37.81,“To what extent did this chemical affect the occurrence of red spots in the brunnera plants?”,-100- +100',- 100 = the chemical very strongly prevented the plants from having red spots; 0 = the chemical had no effect either way; + 100 means that the chemical very strongly caused the plants to have red spots,"White, P.A. (2004). Causal judgment from contingency information: A systematic test of the pCI rule. Memory & Cognition 32, 353–368. https://doi.org/10.3758/BF03195830",,,
White (2004),1,44,2,42,within-subjects,"Three separate experimental designs were used. In each design, p(C) was varied across four values: 0.2, 0.4, 0.6, and 0.8. In the design with ΔP = 0.75, a/(a + b) was varied across two values: 1.0 and 0.75. In the design with ΔP = 0.5, a/(a + b) was varied across three values: 1.0, 0.75, and 0.5. In the design with ΔP = 0, a/(a + b) was varied across five values: 0.875, 0.75, 0.5, 0.25 and 0.125. The number of evaluation tasks in the respective designs was 8, 12, and 20, total of 40 tasks.",simultaneous,bidirectional,Table 3,12,12,0,16,,,.5',,.6,,,,,,,,,19.76,“To what extent did this chemical affect the occurrence of red spots in the brunnera plants?”,-100- +100',- 100 = the chemical very strongly prevented the plants from having red spots; 0 = the chemical had no effect either way; + 100 means that the chemical very strongly caused the plants to have red spots,"White, P.A. (2004). Causal judgment from contingency information: A systematic test of the pCI rule. Memory & Cognition 32, 353–368. https://doi.org/10.3758/BF03195830",,,
White (2004),1,44,2,42,within-subjects,"Three separate experimental designs were used. In each design, p(C) was varied across four values: 0.2, 0.4, 0.6, and 0.8. In the design with ΔP = 0.75, a/(a + b) was varied across two values: 1.0 and 0.75. In the design with ΔP = 0.5, a/(a + b) was varied across three values: 1.0, 0.75, and 0.5. In the design with ΔP = 0, a/(a + b) was varied across five values: 0.875, 0.75, 0.5, 0.25 and 0.125. The number of evaluation tasks in the respective designs was 8, 12, and 20, total of 40 tasks.",simultaneous,bidirectional,Table 3,16,16,0,8,,,.5',,.8,,,,,,,,,13.43,“To what extent did this chemical affect the occurrence of red spots in the brunnera plants?”,-100- +100',- 100 = the chemical very strongly prevented the plants from having red spots; 0 = the chemical had no effect either way; + 100 means that the chemical very strongly caused the plants to have red spots,"White, P.A. (2004). Causal judgment from contingency information: A systematic test of the pCI rule. Memory & Cognition 32, 353–368. https://doi.org/10.3758/BF03195830",,,
White (2004),1,44,2,42,within-subjects,"Three separate experimental designs were used. In each design, p(C) was varied across four values: 0.2, 0.4, 0.6, and 0.8. In the design with ΔP = 0.75, a/(a + b) was varied across two values: 1.0 and 0.75. In the design with ΔP = 0.5, a/(a + b) was varied across three values: 1.0, 0.75, and 0.5. In the design with ΔP = 0, a/(a + b) was varied across five values: 0.875, 0.75, 0.5, 0.25 and 0.125. The number of evaluation tasks in the respective designs was 8, 12, and 20, total of 40 tasks.",simultaneous,bidirectional,Table 4,7,1,28,4,,,0,,.2,,,,,,,,,-6.43,“To what extent did this chemical affect the occurrence of red spots in the brunnera plants?”,-100- +100',- 100 = the chemical very strongly prevented the plants from having red spots; 0 = the chemical had no effect either way; + 100 means that the chemical very strongly caused the plants to have red spots,"White, P.A. (2004). Causal judgment from contingency information: A systematic test of the pCI rule. Memory & Cognition 32, 353–368. https://doi.org/10.3758/BF03195830",,,
White (2004),1,44,2,42,within-subjects,"Three separate experimental designs were used. In each design, p(C) was varied across four values: 0.2, 0.4, 0.6, and 0.8. In the design with ΔP = 0.75, a/(a + b) was varied across two values: 1.0 and 0.75. In the design with ΔP = 0.5, a/(a + b) was varied across three values: 1.0, 0.75, and 0.5. In the design with ΔP = 0, a/(a + b) was varied across five values: 0.875, 0.75, 0.5, 0.25 and 0.125. The number of evaluation tasks in the respective designs was 8, 12, and 20, total of 40 tasks.",simultaneous,bidirectional,Table 4,14,2,21,3,,,0,,.4,,,,,,,,,-3.14,“To what extent did this chemical affect the occurrence of red spots in the brunnera plants?”,-100- +100',- 100 = the chemical very strongly prevented the plants from having red spots; 0 = the chemical had no effect either way; + 100 means that the chemical very strongly caused the plants to have red spots,"White, P.A. (2004). Causal judgment from contingency information: A systematic test of the pCI rule. Memory & Cognition 32, 353–368. https://doi.org/10.3758/BF03195830",,,
White (2004),1,44,2,42,within-subjects,"Three separate experimental designs were used. In each design, p(C) was varied across four values: 0.2, 0.4, 0.6, and 0.8. In the design with ΔP = 0.75, a/(a + b) was varied across two values: 1.0 and 0.75. In the design with ΔP = 0.5, a/(a + b) was varied across three values: 1.0, 0.75, and 0.5. In the design with ΔP = 0, a/(a + b) was varied across five values: 0.875, 0.75, 0.5, 0.25 and 0.125. The number of evaluation tasks in the respective designs was 8, 12, and 20, total of 40 tasks.",simultaneous,bidirectional,Table 4,21,3,14,2,,,0,,.6,,,,,,,,,21.76,“To what extent did this chemical affect the occurrence of red spots in the brunnera plants?”,-100- +100',- 100 = the chemical very strongly prevented the plants from having red spots; 0 = the chemical had no effect either way; + 100 means that the chemical very strongly caused the plants to have red spots,"White, P.A. (2004). Causal judgment from contingency information: A systematic test of the pCI rule. Memory & Cognition 32, 353–368. https://doi.org/10.3758/BF03195830",,,
White (2004),1,44,2,42,within-subjects,"Three separate experimental designs were used. In each design, p(C) was varied across four values: 0.2, 0.4, 0.6, and 0.8. In the design with ΔP = 0.75, a/(a + b) was varied across two values: 1.0 and 0.75. In the design with ΔP = 0.5, a/(a + b) was varied across three values: 1.0, 0.75, and 0.5. In the design with ΔP = 0, a/(a + b) was varied across five values: 0.875, 0.75, 0.5, 0.25 and 0.125. The number of evaluation tasks in the respective designs was 8, 12, and 20, total of 40 tasks.",simultaneous,bidirectional,Table 4,28,4,7,1,,,0,,.8,,,,,,,,,40.69,“To what extent did this chemical affect the occurrence of red spots in the brunnera plants?”,-100- +100',- 100 = the chemical very strongly prevented the plants from having red spots; 0 = the chemical had no effect either way; + 100 means that the chemical very strongly caused the plants to have red spots,"White, P.A. (2004). Causal judgment from contingency information: A systematic test of the pCI rule. Memory & Cognition 32, 353–368. https://doi.org/10.3758/BF03195830",,,
White (2004),1,44,2,42,within-subjects,"Three separate experimental designs were used. In each design, p(C) was varied across four values: 0.2, 0.4, 0.6, and 0.8. In the design with ΔP = 0.75, a/(a + b) was varied across two values: 1.0 and 0.75. In the design with ΔP = 0.5, a/(a + b) was varied across three values: 1.0, 0.75, and 0.5. In the design with ΔP = 0, a/(a + b) was varied across five values: 0.875, 0.75, 0.5, 0.25 and 0.125. The number of evaluation tasks in the respective designs was 8, 12, and 20, total of 40 tasks.",simultaneous,bidirectional,Table 4,6,2,24,8,,,0,,.2,,,,,,,,,-21.05,“To what extent did this chemical affect the occurrence of red spots in the brunnera plants?”,-100- +100',- 100 = the chemical very strongly prevented the plants from having red spots; 0 = the chemical had no effect either way; + 100 means that the chemical very strongly caused the plants to have red spots,"White, P.A. (2004). Causal judgment from contingency information: A systematic test of the pCI rule. Memory & Cognition 32, 353–368. https://doi.org/10.3758/BF03195830",,,
White (2004),1,44,2,42,within-subjects,"Three separate experimental designs were used. In each design, p(C) was varied across four values: 0.2, 0.4, 0.6, and 0.8. In the design with ΔP = 0.75, a/(a + b) was varied across two values: 1.0 and 0.75. In the design with ΔP = 0.5, a/(a + b) was varied across three values: 1.0, 0.75, and 0.5. In the design with ΔP = 0, a/(a + b) was varied across five values: 0.875, 0.75, 0.5, 0.25 and 0.125. The number of evaluation tasks in the respective designs was 8, 12, and 20, total of 40 tasks.",simultaneous,bidirectional,Table 4,12,4,18,6,,,0,,.4,,,,,,,,,-1.21,“To what extent did this chemical affect the occurrence of red spots in the brunnera plants?”,-100- +100',- 100 = the chemical very strongly prevented the plants from having red spots; 0 = the chemical had no effect either way; + 100 means that the chemical very strongly caused the plants to have red spots,"White, P.A. (2004). Causal judgment from contingency information: A systematic test of the pCI rule. Memory & Cognition 32, 353–368. https://doi.org/10.3758/BF03195830",,,
White (2004),1,44,2,42,within-subjects,"Three separate experimental designs were used. In each design, p(C) was varied across four values: 0.2, 0.4, 0.6, and 0.8. In the design with ΔP = 0.75, a/(a + b) was varied across two values: 1.0 and 0.75. In the design with ΔP = 0.5, a/(a + b) was varied across three values: 1.0, 0.75, and 0.5. In the design with ΔP = 0, a/(a + b) was varied across five values: 0.875, 0.75, 0.5, 0.25 and 0.125. The number of evaluation tasks in the respective designs was 8, 12, and 20, total of 40 tasks.",simultaneous,bidirectional,Table 4,18,6,12,4,,,0,,.6,,,,,,,,,13.48,“To what extent did this chemical affect the occurrence of red spots in the brunnera plants?”,-100- +100',- 100 = the chemical very strongly prevented the plants from having red spots; 0 = the chemical had no effect either way; + 100 means that the chemical very strongly caused the plants to have red spots,"White, P.A. (2004). Causal judgment from contingency information: A systematic test of the pCI rule. Memory & Cognition 32, 353–368. https://doi.org/10.3758/BF03195830",,,
White (2004),1,44,2,42,within-subjects,"Three separate experimental designs were used. In each design, p(C) was varied across four values: 0.2, 0.4, 0.6, and 0.8. In the design with ΔP = 0.75, a/(a + b) was varied across two values: 1.0 and 0.75. In the design with ΔP = 0.5, a/(a + b) was varied across three values: 1.0, 0.75, and 0.5. In the design with ΔP = 0, a/(a + b) was varied across five values: 0.875, 0.75, 0.5, 0.25 and 0.125. The number of evaluation tasks in the respective designs was 8, 12, and 20, total of 40 tasks.",simultaneous,bidirectional,Table 4,24,8,6,2,,,0,,.8,,,,,,,,,35.02,“To what extent did this chemical affect the occurrence of red spots in the brunnera plants?”,-100- +100',- 100 = the chemical very strongly prevented the plants from having red spots; 0 = the chemical had no effect either way; + 100 means that the chemical very strongly caused the plants to have red spots,"White, P.A. (2004). Causal judgment from contingency information: A systematic test of the pCI rule. Memory & Cognition 32, 353–368. https://doi.org/10.3758/BF03195830",,,
White (2004),1,44,2,42,within-subjects,"Three separate experimental designs were used. In each design, p(C) was varied across four values: 0.2, 0.4, 0.6, and 0.8. In the design with ΔP = 0.75, a/(a + b) was varied across two values: 1.0 and 0.75. In the design with ΔP = 0.5, a/(a + b) was varied across three values: 1.0, 0.75, and 0.5. In the design with ΔP = 0, a/(a + b) was varied across five values: 0.875, 0.75, 0.5, 0.25 and 0.125. The number of evaluation tasks in the respective designs was 8, 12, and 20, total of 40 tasks.",simultaneous,bidirectional,Table 4,4,4,16,16,,,0,,.2,,,,,,,,,-2.05,“To what extent did this chemical affect the occurrence of red spots in the brunnera plants?”,-100- +100',- 100 = the chemical very strongly prevented the plants from having red spots; 0 = the chemical had no effect either way; + 100 means that the chemical very strongly caused the plants to have red spots,"White, P.A. (2004). Causal judgment from contingency information: A systematic test of the pCI rule. Memory & Cognition 32, 353–368. https://doi.org/10.3758/BF03195830",,,
White (2004),1,44,2,42,within-subjects,"Three separate experimental designs were used. In each design, p(C) was varied across four values: 0.2, 0.4, 0.6, and 0.8. In the design with ΔP = 0.75, a/(a + b) was varied across two values: 1.0 and 0.75. In the design with ΔP = 0.5, a/(a + b) was varied across three values: 1.0, 0.75, and 0.5. In the design with ΔP = 0, a/(a + b) was varied across five values: 0.875, 0.75, 0.5, 0.25 and 0.125. The number of evaluation tasks in the respective designs was 8, 12, and 20, total of 40 tasks.",simultaneous,bidirectional,Table 4,8,8,12,12,,,0,,.4,,,,,,,,,-2.17,“To what extent did this chemical affect the occurrence of red spots in the brunnera plants?”,-100- +100',- 100 = the chemical very strongly prevented the plants from having red spots; 0 = the chemical had no effect either way; + 100 means that the chemical very strongly caused the plants to have red spots,"White, P.A. (2004). Causal judgment from contingency information: A systematic test of the pCI rule. Memory & Cognition 32, 353–368. https://doi.org/10.3758/BF03195830",,,
White (2004),1,44,2,42,within-subjects,"Three separate experimental designs were used. In each design, p(C) was varied across four values: 0.2, 0.4, 0.6, and 0.8. In the design with ΔP = 0.75, a/(a + b) was varied across two values: 1.0 and 0.75. In the design with ΔP = 0.5, a/(a + b) was varied across three values: 1.0, 0.75, and 0.5. In the design with ΔP = 0, a/(a + b) was varied across five values: 0.875, 0.75, 0.5, 0.25 and 0.125. The number of evaluation tasks in the respective designs was 8, 12, and 20, total of 40 tasks.",simultaneous,bidirectional,Table 4,12,12,8,8,,,0,,.6,,,,,,,,,14.5,“To what extent did this chemical affect the occurrence of red spots in the brunnera plants?”,-100- +100',- 100 = the chemical very strongly prevented the plants from having red spots; 0 = the chemical had no effect either way; + 100 means that the chemical very strongly caused the plants to have red spots,"White, P.A. (2004). Causal judgment from contingency information: A systematic test of the pCI rule. Memory & Cognition 32, 353–368. https://doi.org/10.3758/BF03195830",,,
White (2004),1,44,2,42,within-subjects,"Three separate experimental designs were used. In each design, p(C) was varied across four values: 0.2, 0.4, 0.6, and 0.8. In the design with ΔP = 0.75, a/(a + b) was varied across two values: 1.0 and 0.75. In the design with ΔP = 0.5, a/(a + b) was varied across three values: 1.0, 0.75, and 0.5. In the design with ΔP = 0, a/(a + b) was varied across five values: 0.875, 0.75, 0.5, 0.25 and 0.125. The number of evaluation tasks in the respective designs was 8, 12, and 20, total of 40 tasks.",simultaneous,bidirectional,Table 4,16,16,4,4,,,0,,.8,,,,,,,,,10.14,“To what extent did this chemical affect the occurrence of red spots in the brunnera plants?”,-100- +100',- 100 = the chemical very strongly prevented the plants from having red spots; 0 = the chemical had no effect either way; + 100 means that the chemical very strongly caused the plants to have red spots,"White, P.A. (2004). Causal judgment from contingency information: A systematic test of the pCI rule. Memory & Cognition 32, 353–368. https://doi.org/10.3758/BF03195830",,,
White (2004),1,44,2,42,within-subjects,"Three separate experimental designs were used. In each design, p(C) was varied across four values: 0.2, 0.4, 0.6, and 0.8. In the design with ΔP = 0.75, a/(a + b) was varied across two values: 1.0 and 0.75. In the design with ΔP = 0.5, a/(a + b) was varied across three values: 1.0, 0.75, and 0.5. In the design with ΔP = 0, a/(a + b) was varied across five values: 0.875, 0.75, 0.5, 0.25 and 0.125. The number of evaluation tasks in the respective designs was 8, 12, and 20, total of 40 tasks.",simultaneous,bidirectional,Table 4,2,6,8,24,,,0,,.2,,,,,,,,,-19.43,“To what extent did this chemical affect the occurrence of red spots in the brunnera plants?”,-100- +100',- 100 = the chemical very strongly prevented the plants from having red spots; 0 = the chemical had no effect either way; + 100 means that the chemical very strongly caused the plants to have red spots,"White, P.A. (2004). Causal judgment from contingency information: A systematic test of the pCI rule. Memory & Cognition 32, 353–368. https://doi.org/10.3758/BF03195830",,,
White (2004),1,44,2,42,within-subjects,"Three separate experimental designs were used. In each design, p(C) was varied across four values: 0.2, 0.4, 0.6, and 0.8. In the design with ΔP = 0.75, a/(a + b) was varied across two values: 1.0 and 0.75. In the design with ΔP = 0.5, a/(a + b) was varied across three values: 1.0, 0.75, and 0.5. In the design with ΔP = 0, a/(a + b) was varied across five values: 0.875, 0.75, 0.5, 0.25 and 0.125. The number of evaluation tasks in the respective designs was 8, 12, and 20, total of 40 tasks.",simultaneous,bidirectional,Table 4,4,12,6,18,,,0,,.4,,,,,,,,,-11.64,“To what extent did this chemical affect the occurrence of red spots in the brunnera plants?”,-100- +100',- 100 = the chemical very strongly prevented the plants from having red spots; 0 = the chemical had no effect either way; + 100 means that the chemical very strongly caused the plants to have red spots,"White, P.A. (2004). Causal judgment from contingency information: A systematic test of the pCI rule. Memory & Cognition 32, 353–368. https://doi.org/10.3758/BF03195830",,,
White (2004),1,44,2,42,within-subjects,"Three separate experimental designs were used. In each design, p(C) was varied across four values: 0.2, 0.4, 0.6, and 0.8. In the design with ΔP = 0.75, a/(a + b) was varied across two values: 1.0 and 0.75. In the design with ΔP = 0.5, a/(a + b) was varied across three values: 1.0, 0.75, and 0.5. In the design with ΔP = 0, a/(a + b) was varied across five values: 0.875, 0.75, 0.5, 0.25 and 0.125. The number of evaluation tasks in the respective designs was 8, 12, and 20, total of 40 tasks.",simultaneous,bidirectional,Table 4,6,18,4,12,,,0,,.6,,,,,,,,,-23.19,“To what extent did this chemical affect the occurrence of red spots in the brunnera plants?”,-100- +100',- 100 = the chemical very strongly prevented the plants from having red spots; 0 = the chemical had no effect either way; + 100 means that the chemical very strongly caused the plants to have red spots,"White, P.A. (2004). Causal judgment from contingency information: A systematic test of the pCI rule. Memory & Cognition 32, 353–368. https://doi.org/10.3758/BF03195830",,,
White (2004),1,44,2,42,within-subjects,"Three separate experimental designs were used. In each design, p(C) was varied across four values: 0.2, 0.4, 0.6, and 0.8. In the design with ΔP = 0.75, a/(a + b) was varied across two values: 1.0 and 0.75. In the design with ΔP = 0.5, a/(a + b) was varied across three values: 1.0, 0.75, and 0.5. In the design with ΔP = 0, a/(a + b) was varied across five values: 0.875, 0.75, 0.5, 0.25 and 0.125. The number of evaluation tasks in the respective designs was 8, 12, and 20, total of 40 tasks.",simultaneous,bidirectional,Table 4,8,24,2,6,,,0,,.8,,,,,,,,,-34.57,“To what extent did this chemical affect the occurrence of red spots in the brunnera plants?”,-100- +100',- 100 = the chemical very strongly prevented the plants from having red spots; 0 = the chemical had no effect either way; + 100 means that the chemical very strongly caused the plants to have red spots,"White, P.A. (2004). Causal judgment from contingency information: A systematic test of the pCI rule. Memory & Cognition 32, 353–368. https://doi.org/10.3758/BF03195830",,,
White (2004),1,44,2,42,within-subjects,"Three separate experimental designs were used. In each design, p(C) was varied across four values: 0.2, 0.4, 0.6, and 0.8. In the design with ΔP = 0.75, a/(a + b) was varied across two values: 1.0 and 0.75. In the design with ΔP = 0.5, a/(a + b) was varied across three values: 1.0, 0.75, and 0.5. In the design with ΔP = 0, a/(a + b) was varied across five values: 0.875, 0.75, 0.5, 0.25 and 0.125. The number of evaluation tasks in the respective designs was 8, 12, and 20, total of 40 tasks.",simultaneous,bidirectional,Table 4,1,7,4,28,,,0,,.2,,,,,,,,,-16.79,“To what extent did this chemical affect the occurrence of red spots in the brunnera plants?”,-100- +100',- 100 = the chemical very strongly prevented the plants from having red spots; 0 = the chemical had no effect either way; + 100 means that the chemical very strongly caused the plants to have red spots,"White, P.A. (2004). Causal judgment from contingency information: A systematic test of the pCI rule. Memory & Cognition 32, 353–368. https://doi.org/10.3758/BF03195830",,,
White (2004),1,44,2,42,within-subjects,"Three separate experimental designs were used. In each design, p(C) was varied across four values: 0.2, 0.4, 0.6, and 0.8. In the design with ΔP = 0.75, a/(a + b) was varied across two values: 1.0 and 0.75. In the design with ΔP = 0.5, a/(a + b) was varied across three values: 1.0, 0.75, and 0.5. In the design with ΔP = 0, a/(a + b) was varied across five values: 0.875, 0.75, 0.5, 0.25 and 0.125. The number of evaluation tasks in the respective designs was 8, 12, and 20, total of 40 tasks.",simultaneous,bidirectional,Table 4,2,14,3,21,,,0,,.4,,,,,,,,,-22.64,“To what extent did this chemical affect the occurrence of red spots in the brunnera plants?”,-100- +100',- 100 = the chemical very strongly prevented the plants from having red spots; 0 = the chemical had no effect either way; + 100 means that the chemical very strongly caused the plants to have red spots,"White, P.A. (2004). Causal judgment from contingency information: A systematic test of the pCI rule. Memory & Cognition 32, 353–368. https://doi.org/10.3758/BF03195830",,,
White (2004),1,44,2,42,within-subjects,"Three separate experimental designs were used. In each design, p(C) was varied across four values: 0.2, 0.4, 0.6, and 0.8. In the design with ΔP = 0.75, a/(a + b) was varied across two values: 1.0 and 0.75. In the design with ΔP = 0.5, a/(a + b) was varied across three values: 1.0, 0.75, and 0.5. In the design with ΔP = 0, a/(a + b) was varied across five values: 0.875, 0.75, 0.5, 0.25 and 0.125. The number of evaluation tasks in the respective designs was 8, 12, and 20, total of 40 tasks.",simultaneous,bidirectional,Table 4,3,21,2,14,,,0,,.6,,,,,,,,,-34.95,“To what extent did this chemical affect the occurrence of red spots in the brunnera plants?”,-100- +100',- 100 = the chemical very strongly prevented the plants from having red spots; 0 = the chemical had no effect either way; + 100 means that the chemical very strongly caused the plants to have red spots,"White, P.A. (2004). Causal judgment from contingency information: A systematic test of the pCI rule. Memory & Cognition 32, 353–368. https://doi.org/10.3758/BF03195830",,,
White (2004),1,44,2,42,within-subjects,"Three separate experimental designs were used. In each design, p(C) was varied across four values: 0.2, 0.4, 0.6, and 0.8. In the design with ΔP = 0.75, a/(a + b) was varied across two values: 1.0 and 0.75. In the design with ΔP = 0.5, a/(a + b) was varied across three values: 1.0, 0.75, and 0.5. In the design with ΔP = 0, a/(a + b) was varied across five values: 0.875, 0.75, 0.5, 0.25 and 0.125. The number of evaluation tasks in the respective designs was 8, 12, and 20, total of 40 tasks.",simultaneous,bidirectional,Table 4,4,28,1,7,,,0,,.8,,,,,,,,,-43.48,“To what extent did this chemical affect the occurrence of red spots in the brunnera plants?”,-100- +100',- 100 = the chemical very strongly prevented the plants from having red spots; 0 = the chemical had no effect either way; + 100 means that the chemical very strongly caused the plants to have red spots,"White, P.A. (2004). Causal judgment from contingency information: A systematic test of the pCI rule. Memory & Cognition 32, 353–368. https://doi.org/10.3758/BF03195830",,,
White (2004),2,,,42,within-subjects,"Three separate experimental designs, each for a different value of a/(a + b). In each design, p(C) was varied across three values: 0.2, 0.5, and 0.8. In the design with a/(a + b) = 0.75, ΔP was varied across five values: -0.75, -0.5, -0.25, 0, and +0.25. In the design with a/(a + b) = 0.5, ΔP was varied across five values: -0.5, -0.25, 0, +0.25, and +0.5. In the design with a/(a + b) = 0.25, ΔP was varied across five values: -0.25, 0, +0.25, +0.5, and +0.75. The number of evaluation tasks was 15 in each design, total of 45.",simultaneous,bidirectional,Table 10,6,2,0,32,,,.75,,.2,,,,,,,,,68.36,“To what extent did this chemical affect the occurrence of red spots in the brunnera plants?”,-100- +100',- 100 = the chemical very strongly prevented the plants from having red spots; 0 = the chemical had no effect either way; + 100 means that the chemical very strongly caused the plants to have red spots,"White, P.A. (2004). Causal judgment from contingency information: A systematic test of the pCI rule. Memory & Cognition 32, 353–368. https://doi.org/10.3758/BF03195830",,,
White (2004),2,,,42,within-subjects,"Three separate experimental designs, each for a different value of a/(a + b). In each design, p(C) was varied across three values: 0.2, 0.5, and 0.8. In the design with a/(a + b) = 0.75, ΔP was varied across five values: -0.75, -0.5, -0.25, 0, and +0.25. In the design with a/(a + b) = 0.5, ΔP was varied across five values: -0.5, -0.25, 0, +0.25, and +0.5. In the design with a/(a + b) = 0.25, ΔP was varied across five values: -0.25, 0, +0.25, +0.5, and +0.75. The number of evaluation tasks was 15 in each design, total of 45.",simultaneous,bidirectional,Table 10,6,2,8,24,,,.50,,.2,,,,,,,,,22.81,“To what extent did this chemical affect the occurrence of red spots in the brunnera plants?”,-100- +100',- 100 = the chemical very strongly prevented the plants from having red spots; 0 = the chemical had no effect either way; + 100 means that the chemical very strongly caused the plants to have red spots,"White, P.A. (2004). Causal judgment from contingency information: A systematic test of the pCI rule. Memory & Cognition 32, 353–368. https://doi.org/10.3758/BF03195830",,,
White (2004),2,,,42,within-subjects,"Three separate experimental designs, each for a different value of a/(a + b). In each design, p(C) was varied across three values: 0.2, 0.5, and 0.8. In the design with a/(a + b) = 0.75, ΔP was varied across five values: -0.75, -0.5, -0.25, 0, and +0.25. In the design with a/(a + b) = 0.5, ΔP was varied across five values: -0.5, -0.25, 0, +0.25, and +0.5. In the design with a/(a + b) = 0.25, ΔP was varied across five values: -0.25, 0, +0.25, +0.5, and +0.75. The number of evaluation tasks was 15 in each design, total of 45.",simultaneous,bidirectional,Table 10,6,2,16,16,,,.25,,.2,,,,,,,,,13.14,“To what extent did this chemical affect the occurrence of red spots in the brunnera plants?”,-100- +100',- 100 = the chemical very strongly prevented the plants from having red spots; 0 = the chemical had no effect either way; + 100 means that the chemical very strongly caused the plants to have red spots,"White, P.A. (2004). Causal judgment from contingency information: A systematic test of the pCI rule. Memory & Cognition 32, 353–368. https://doi.org/10.3758/BF03195830",,,
White (2004),2,,,42,within-subjects,"Three separate experimental designs, each for a different value of a/(a + b). In each design, p(C) was varied across three values: 0.2, 0.5, and 0.8. In the design with a/(a + b) = 0.75, ΔP was varied across five values: -0.75, -0.5, -0.25, 0, and +0.25. In the design with a/(a + b) = 0.5, ΔP was varied across five values: -0.5, -0.25, 0, +0.25, and +0.5. In the design with a/(a + b) = 0.25, ΔP was varied across five values: -0.25, 0, +0.25, +0.5, and +0.75. The number of evaluation tasks was 15 in each design, total of 45.",simultaneous,bidirectional,Table 10,6,2,24,8,,,.00,,.2,,,,,,,,,-10.55,“To what extent did this chemical affect the occurrence of red spots in the brunnera plants?”,-100- +100',- 100 = the chemical very strongly prevented the plants from having red spots; 0 = the chemical had no effect either way; + 100 means that the chemical very strongly caused the plants to have red spots,"White, P.A. (2004). Causal judgment from contingency information: A systematic test of the pCI rule. Memory & Cognition 32, 353–368. https://doi.org/10.3758/BF03195830",,,
White (2004),2,,,42,within-subjects,"Three separate experimental designs, each for a different value of a/(a + b). In each design, p(C) was varied across three values: 0.2, 0.5, and 0.8. In the design with a/(a + b) = 0.75, ΔP was varied across five values: -0.75, -0.5, -0.25, 0, and +0.25. In the design with a/(a + b) = 0.5, ΔP was varied across five values: -0.5, -0.25, 0, +0.25, and +0.5. In the design with a/(a + b) = 0.25, ΔP was varied across five values: -0.25, 0, +0.25, +0.5, and +0.75. The number of evaluation tasks was 15 in each design, total of 45.",simultaneous,bidirectional,Table 10,6,2,32,0,,,-.25,,.2,,,,,,,,,-34.07,“To what extent did this chemical affect the occurrence of red spots in the brunnera plants?”,-100- +100',- 100 = the chemical very strongly prevented the plants from having red spots; 0 = the chemical had no effect either way; + 100 means that the chemical very strongly caused the plants to have red spots,"White, P.A. (2004). Causal judgment from contingency information: A systematic test of the pCI rule. Memory & Cognition 32, 353–368. https://doi.org/10.3758/BF03195830",,,
White (2004),2,,,42,within-subjects,"Three separate experimental designs, each for a different value of a/(a + b). In each design, p(C) was varied across three values: 0.2, 0.5, and 0.8. In the design with a/(a + b) = 0.75, ΔP was varied across five values: -0.75, -0.5, -0.25, 0, and +0.25. In the design with a/(a + b) = 0.5, ΔP was varied across five values: -0.5, -0.25, 0, +0.25, and +0.5. In the design with a/(a + b) = 0.25, ΔP was varied across five values: -0.25, 0, +0.25, +0.5, and +0.75. The number of evaluation tasks was 15 in each design, total of 45.",simultaneous,bidirectional,Table 10,15,5,0,20,,,.75,,.5,,,,,,,,,63.02,“To what extent did this chemical affect the occurrence of red spots in the brunnera plants?”,-100- +100',- 100 = the chemical very strongly prevented the plants from having red spots; 0 = the chemical had no effect either way; + 100 means that the chemical very strongly caused the plants to have red spots,"White, P.A. (2004). Causal judgment from contingency information: A systematic test of the pCI rule. Memory & Cognition 32, 353–368. https://doi.org/10.3758/BF03195830",,,
White (2004),2,,,42,within-subjects,"Three separate experimental designs, each for a different value of a/(a + b). In each design, p(C) was varied across three values: 0.2, 0.5, and 0.8. In the design with a/(a + b) = 0.75, ΔP was varied across five values: -0.75, -0.5, -0.25, 0, and +0.25. In the design with a/(a + b) = 0.5, ΔP was varied across five values: -0.5, -0.25, 0, +0.25, and +0.5. In the design with a/(a + b) = 0.25, ΔP was varied across five values: -0.25, 0, +0.25, +0.5, and +0.75. The number of evaluation tasks was 15 in each design, total of 45.",simultaneous,bidirectional,Table 10,15,5,5,15,,,.50,,.5,,,,,,,,,52.14,“To what extent did this chemical affect the occurrence of red spots in the brunnera plants?”,-100- +100',- 100 = the chemical very strongly prevented the plants from having red spots; 0 = the chemical had no effect either way; + 100 means that the chemical very strongly caused the plants to have red spots,"White, P.A. (2004). Causal judgment from contingency information: A systematic test of the pCI rule. Memory & Cognition 32, 353–368. https://doi.org/10.3758/BF03195830",,,
White (2004),2,,,42,within-subjects,"Three separate experimental designs, each for a different value of a/(a + b). In each design, p(C) was varied across three values: 0.2, 0.5, and 0.8. In the design with a/(a + b) = 0.75, ΔP was varied across five values: -0.75, -0.5, -0.25, 0, and +0.25. In the design with a/(a + b) = 0.5, ΔP was varied across five values: -0.5, -0.25, 0, +0.25, and +0.5. In the design with a/(a + b) = 0.25, ΔP was varied across five values: -0.25, 0, +0.25, +0.5, and +0.75. The number of evaluation tasks was 15 in each design, total of 45.",simultaneous,bidirectional,Table 10,15,5,10,10,,,.25,,.5,,,,,,,,,28.81,“To what extent did this chemical affect the occurrence of red spots in the brunnera plants?”,-100- +100',- 100 = the chemical very strongly prevented the plants from having red spots; 0 = the chemical had no effect either way; + 100 means that the chemical very strongly caused the plants to have red spots,"White, P.A. (2004). Causal judgment from contingency information: A systematic test of the pCI rule. Memory & Cognition 32, 353–368. https://doi.org/10.3758/BF03195830",,,
White (2004),2,,,42,within-subjects,"Three separate experimental designs, each for a different value of a/(a + b). In each design, p(C) was varied across three values: 0.2, 0.5, and 0.8. In the design with a/(a + b) = 0.75, ΔP was varied across five values: -0.75, -0.5, -0.25, 0, and +0.25. In the design with a/(a + b) = 0.5, ΔP was varied across five values: -0.5, -0.25, 0, +0.25, and +0.5. In the design with a/(a + b) = 0.25, ΔP was varied across five values: -0.25, 0, +0.25, +0.5, and +0.75. The number of evaluation tasks was 15 in each design, total of 45.",simultaneous,bidirectional,Table 10,15,5,15,5,,,.00,,.5,,,,,,,,,6.79,“To what extent did this chemical affect the occurrence of red spots in the brunnera plants?”,-100- +100',- 100 = the chemical very strongly prevented the plants from having red spots; 0 = the chemical had no effect either way; + 100 means that the chemical very strongly caused the plants to have red spots,"White, P.A. (2004). Causal judgment from contingency information: A systematic test of the pCI rule. Memory & Cognition 32, 353–368. https://doi.org/10.3758/BF03195830",,,
White (2004),2,,,42,within-subjects,"Three separate experimental designs, each for a different value of a/(a + b). In each design, p(C) was varied across three values: 0.2, 0.5, and 0.8. In the design with a/(a + b) = 0.75, ΔP was varied across five values: -0.75, -0.5, -0.25, 0, and +0.25. In the design with a/(a + b) = 0.5, ΔP was varied across five values: -0.5, -0.25, 0, +0.25, and +0.5. In the design with a/(a + b) = 0.25, ΔP was varied across five values: -0.25, 0, +0.25, +0.5, and +0.75. The number of evaluation tasks was 15 in each design, total of 45.",simultaneous,bidirectional,Table 10,15,5,20,0,,,- .25,,.5,,,,,,,,,-1.74,“To what extent did this chemical affect the occurrence of red spots in the brunnera plants?”,-100- +100',- 100 = the chemical very strongly prevented the plants from having red spots; 0 = the chemical had no effect either way; + 100 means that the chemical very strongly caused the plants to have red spots,"White, P.A. (2004). Causal judgment from contingency information: A systematic test of the pCI rule. Memory & Cognition 32, 353–368. https://doi.org/10.3758/BF03195830",,,
White (2004),2,,,42,within-subjects,"Three separate experimental designs, each for a different value of a/(a + b). In each design, p(C) was varied across three values: 0.2, 0.5, and 0.8. In the design with a/(a + b) = 0.75, ΔP was varied across five values: -0.75, -0.5, -0.25, 0, and +0.25. In the design with a/(a + b) = 0.5, ΔP was varied across five values: -0.5, -0.25, 0, +0.25, and +0.5. In the design with a/(a + b) = 0.25, ΔP was varied across five values: -0.25, 0, +0.25, +0.5, and +0.75. The number of evaluation tasks was 15 in each design, total of 45.",simultaneous,bidirectional,Table 10,24,8,0,8,,,.75,,.8,,,,,,,,,65.62,“To what extent did this chemical affect the occurrence of red spots in the brunnera plants?”,-100- +100',- 100 = the chemical very strongly prevented the plants from having red spots; 0 = the chemical had no effect either way; + 100 means that the chemical very strongly caused the plants to have red spots,"White, P.A. (2004). Causal judgment from contingency information: A systematic test of the pCI rule. Memory & Cognition 32, 353–368. https://doi.org/10.3758/BF03195830",,,
White (2004),2,,,42,within-subjects,"Three separate experimental designs, each for a different value of a/(a + b). In each design, p(C) was varied across three values: 0.2, 0.5, and 0.8. In the design with a/(a + b) = 0.75, ΔP was varied across five values: -0.75, -0.5, -0.25, 0, and +0.25. In the design with a/(a + b) = 0.5, ΔP was varied across five values: -0.5, -0.25, 0, +0.25, and +0.5. In the design with a/(a + b) = 0.25, ΔP was varied across five values: -0.25, 0, +0.25, +0.5, and +0.75. The number of evaluation tasks was 15 in each design, total of 45.",simultaneous,bidirectional,Table 10,24,8,2,6,,,.50,,.8,,,,,,,,,54.36,“To what extent did this chemical affect the occurrence of red spots in the brunnera plants?”,-100- +100',- 100 = the chemical very strongly prevented the plants from having red spots; 0 = the chemical had no effect either way; + 100 means that the chemical very strongly caused the plants to have red spots,"White, P.A. (2004). Causal judgment from contingency information: A systematic test of the pCI rule. Memory & Cognition 32, 353–368. https://doi.org/10.3758/BF03195830",,,
White (2004),2,,,42,within-subjects,"Three separate experimental designs, each for a different value of a/(a + b). In each design, p(C) was varied across three values: 0.2, 0.5, and 0.8. In the design with a/(a + b) = 0.75, ΔP was varied across five values: -0.75, -0.5, -0.25, 0, and +0.25. In the design with a/(a + b) = 0.5, ΔP was varied across five values: -0.5, -0.25, 0, +0.25, and +0.5. In the design with a/(a + b) = 0.25, ΔP was varied across five values: -0.25, 0, +0.25, +0.5, and +0.75. The number of evaluation tasks was 15 in each design, total of 45.",simultaneous,bidirectional,Table 10,24,8,4,4,,,.25,,.8,,,,,,,,,44.79,“To what extent did this chemical affect the occurrence of red spots in the brunnera plants?”,-100- +100',- 100 = the chemical very strongly prevented the plants from having red spots; 0 = the chemical had no effect either way; + 100 means that the chemical very strongly caused the plants to have red spots,"White, P.A. (2004). Causal judgment from contingency information: A systematic test of the pCI rule. Memory & Cognition 32, 353–368. https://doi.org/10.3758/BF03195830",,,
White (2004),2,,,42,within-subjects,"Three separate experimental designs, each for a different value of a/(a + b). In each design, p(C) was varied across three values: 0.2, 0.5, and 0.8. In the design with a/(a + b) = 0.75, ΔP was varied across five values: -0.75, -0.5, -0.25, 0, and +0.25. In the design with a/(a + b) = 0.5, ΔP was varied across five values: -0.5, -0.25, 0, +0.25, and +0.5. In the design with a/(a + b) = 0.25, ΔP was varied across five values: -0.25, 0, +0.25, +0.5, and +0.75. The number of evaluation tasks was 15 in each design, total of 45.",simultaneous,bidirectional,Table 10,24,8,6,2,,,.00,,.8,,,,,,,,,39.29,“To what extent did this chemical affect the occurrence of red spots in the brunnera plants?”,-100- +100',- 100 = the chemical very strongly prevented the plants from having red spots; 0 = the chemical had no effect either way; + 100 means that the chemical very strongly caused the plants to have red spots,"White, P.A. (2004). Causal judgment from contingency information: A systematic test of the pCI rule. Memory & Cognition 32, 353–368. https://doi.org/10.3758/BF03195830",,,
White (2004),2,,,42,within-subjects,"Three separate experimental designs, each for a different value of a/(a + b). In each design, p(C) was varied across three values: 0.2, 0.5, and 0.8. In the design with a/(a + b) = 0.75, ΔP was varied across five values: -0.75, -0.5, -0.25, 0, and +0.25. In the design with a/(a + b) = 0.5, ΔP was varied across five values: -0.5, -0.25, 0, +0.25, and +0.5. In the design with a/(a + b) = 0.25, ΔP was varied across five values: -0.25, 0, +0.25, +0.5, and +0.75. The number of evaluation tasks was 15 in each design, total of 45.",simultaneous,bidirectional,Table 10,24,8,8,0,,,- .25,,.8,,,,,,,,,7.12,“To what extent did this chemical affect the occurrence of red spots in the brunnera plants?”,-100- +100',- 100 = the chemical very strongly prevented the plants from having red spots; 0 = the chemical had no effect either way; + 100 means that the chemical very strongly caused the plants to have red spots,"White, P.A. (2004). Causal judgment from contingency information: A systematic test of the pCI rule. Memory & Cognition 32, 353–368. https://doi.org/10.3758/BF03195830",,,
White (2004),2,,,42,within-subjects,"Three separate experimental designs, each for a different value of a/(a + b). In each design, p(C) was varied across three values: 0.2, 0.5, and 0.8. In the design with a/(a + b) = 0.75, ΔP was varied across five values: -0.75, -0.5, -0.25, 0, and +0.25. In the design with a/(a + b) = 0.5, ΔP was varied across five values: -0.5, -0.25, 0, +0.25, and +0.5. In the design with a/(a + b) = 0.25, ΔP was varied across five values: -0.25, 0, +0.25, +0.5, and +0.75. The number of evaluation tasks was 15 in each design, total of 45.",simultaneous,bidirectional,Table 11,4,4,0,32,,,.50,,.2,,,,,,,,,42.71,“To what extent did this chemical affect the occurrence of red spots in the brunnera plants?”,-100- +100',- 100 = the chemical very strongly prevented the plants from having red spots; 0 = the chemical had no effect either way; + 100 means that the chemical very strongly caused the plants to have red spots,"White, P.A. (2004). Causal judgment from contingency information: A systematic test of the pCI rule. Memory & Cognition 32, 353–368. https://doi.org/10.3758/BF03195830",,,
White (2004),2,,,42,within-subjects,"Three separate experimental designs, each for a different value of a/(a + b). In each design, p(C) was varied across three values: 0.2, 0.5, and 0.8. In the design with a/(a + b) = 0.75, ΔP was varied across five values: -0.75, -0.5, -0.25, 0, and +0.25. In the design with a/(a + b) = 0.5, ΔP was varied across five values: -0.5, -0.25, 0, +0.25, and +0.5. In the design with a/(a + b) = 0.25, ΔP was varied across five values: -0.25, 0, +0.25, +0.5, and +0.75. The number of evaluation tasks was 15 in each design, total of 45.",simultaneous,bidirectional,Table 11,4,4,8,24,,,.25,,.2,,,,,,,,,13.64,“To what extent did this chemical affect the occurrence of red spots in the brunnera plants?”,-100- +100',- 100 = the chemical very strongly prevented the plants from having red spots; 0 = the chemical had no effect either way; + 100 means that the chemical very strongly caused the plants to have red spots,"White, P.A. (2004). Causal judgment from contingency information: A systematic test of the pCI rule. Memory & Cognition 32, 353–368. https://doi.org/10.3758/BF03195830",,,
White (2004),2,,,42,within-subjects,"Three separate experimental designs, each for a different value of a/(a + b). In each design, p(C) was varied across three values: 0.2, 0.5, and 0.8. In the design with a/(a + b) = 0.75, ΔP was varied across five values: -0.75, -0.5, -0.25, 0, and +0.25. In the design with a/(a + b) = 0.5, ΔP was varied across five values: -0.5, -0.25, 0, +0.25, and +0.5. In the design with a/(a + b) = 0.25, ΔP was varied across five values: -0.25, 0, +0.25, +0.5, and +0.75. The number of evaluation tasks was 15 in each design, total of 45.",simultaneous,bidirectional,Table 11,4,4,16,16,,,.00,,.2,,,,,,,,,-2.9,“To what extent did this chemical affect the occurrence of red spots in the brunnera plants?”,-100- +100',- 100 = the chemical very strongly prevented the plants from having red spots; 0 = the chemical had no effect either way; + 100 means that the chemical very strongly caused the plants to have red spots,"White, P.A. (2004). Causal judgment from contingency information: A systematic test of the pCI rule. Memory & Cognition 32, 353–368. https://doi.org/10.3758/BF03195830",,,
White (2004),2,,,42,within-subjects,"Three separate experimental designs, each for a different value of a/(a + b). In each design, p(C) was varied across three values: 0.2, 0.5, and 0.8. In the design with a/(a + b) = 0.75, ΔP was varied across five values: -0.75, -0.5, -0.25, 0, and +0.25. In the design with a/(a + b) = 0.5, ΔP was varied across five values: -0.5, -0.25, 0, +0.25, and +0.5. In the design with a/(a + b) = 0.25, ΔP was varied across five values: -0.25, 0, +0.25, +0.5, and +0.75. The number of evaluation tasks was 15 in each design, total of 45.",simultaneous,bidirectional,Table 11,4,4,24,8,,,-.25,,.2,,,,,,,,,-21.38,“To what extent did this chemical affect the occurrence of red spots in the brunnera plants?”,-100- +100',- 100 = the chemical very strongly prevented the plants from having red spots; 0 = the chemical had no effect either way; + 100 means that the chemical very strongly caused the plants to have red spots,"White, P.A. (2004). Causal judgment from contingency information: A systematic test of the pCI rule. Memory & Cognition 32, 353–368. https://doi.org/10.3758/BF03195830",,,
White (2004),2,,,42,within-subjects,"Three separate experimental designs, each for a different value of a/(a + b). In each design, p(C) was varied across three values: 0.2, 0.5, and 0.8. In the design with a/(a + b) = 0.75, ΔP was varied across five values: -0.75, -0.5, -0.25, 0, and +0.25. In the design with a/(a + b) = 0.5, ΔP was varied across five values: -0.5, -0.25, 0, +0.25, and +0.5. In the design with a/(a + b) = 0.25, ΔP was varied across five values: -0.25, 0, +0.25, +0.5, and +0.75. The number of evaluation tasks was 15 in each design, total of 45.",simultaneous,bidirectional,Table 11,4,4,24,8,,,-.50,,.2,,,,,,,,,-51,“To what extent did this chemical affect the occurrence of red spots in the brunnera plants?”,-100- +100',- 100 = the chemical very strongly prevented the plants from having red spots; 0 = the chemical had no effect either way; + 100 means that the chemical very strongly caused the plants to have red spots,"White, P.A. (2004). Causal judgment from contingency information: A systematic test of the pCI rule. Memory & Cognition 32, 353–368. https://doi.org/10.3758/BF03195830",,,
White (2004),2,,,42,within-subjects,"Three separate experimental designs, each for a different value of a/(a + b). In each design, p(C) was varied across three values: 0.2, 0.5, and 0.8. In the design with a/(a + b) = 0.75, ΔP was varied across five values: -0.75, -0.5, -0.25, 0, and +0.25. In the design with a/(a + b) = 0.5, ΔP was varied across five values: -0.5, -0.25, 0, +0.25, and +0.5. In the design with a/(a + b) = 0.25, ΔP was varied across five values: -0.25, 0, +0.25, +0.5, and +0.75. The number of evaluation tasks was 15 in each design, total of 45.",simultaneous,bidirectional,Table 11,10,10,0,20,,,.50,,.5,,,,,,,,,31.26,“To what extent did this chemical affect the occurrence of red spots in the brunnera plants?”,-100- +100',- 100 = the chemical very strongly prevented the plants from having red spots; 0 = the chemical had no effect either way; + 100 means that the chemical very strongly caused the plants to have red spots,"White, P.A. (2004). Causal judgment from contingency information: A systematic test of the pCI rule. Memory & Cognition 32, 353–368. https://doi.org/10.3758/BF03195830",,,
White (2004),2,,,42,within-subjects,"Three separate experimental designs, each for a different value of a/(a + b). In each design, p(C) was varied across three values: 0.2, 0.5, and 0.8. In the design with a/(a + b) = 0.75, ΔP was varied across five values: -0.75, -0.5, -0.25, 0, and +0.25. In the design with a/(a + b) = 0.5, ΔP was varied across five values: -0.5, -0.25, 0, +0.25, and +0.5. In the design with a/(a + b) = 0.25, ΔP was varied across five values: -0.25, 0, +0.25, +0.5, and +0.75. The number of evaluation tasks was 15 in each design, total of 45.",simultaneous,bidirectional,Table 11,10,10,5,15,,,.25,,.5,,,,,,,,,16.29,“To what extent did this chemical affect the occurrence of red spots in the brunnera plants?”,-100- +100',- 100 = the chemical very strongly prevented the plants from having red spots; 0 = the chemical had no effect either way; + 100 means that the chemical very strongly caused the plants to have red spots,"White, P.A. (2004). Causal judgment from contingency information: A systematic test of the pCI rule. Memory & Cognition 32, 353–368. https://doi.org/10.3758/BF03195830",,,
White (2004),2,,,42,within-subjects,"Three separate experimental designs, each for a different value of a/(a + b). In each design, p(C) was varied across three values: 0.2, 0.5, and 0.8. In the design with a/(a + b) = 0.75, ΔP was varied across five values: -0.75, -0.5, -0.25, 0, and +0.25. In the design with a/(a + b) = 0.5, ΔP was varied across five values: -0.5, -0.25, 0, +0.25, and +0.5. In the design with a/(a + b) = 0.25, ΔP was varied across five values: -0.25, 0, +0.25, +0.5, and +0.75. The number of evaluation tasks was 15 in each design, total of 45.",simultaneous,bidirectional,Table 11,10,10,10,10,,,.00,,.5,,,,,,,,,0.5,“To what extent did this chemical affect the occurrence of red spots in the brunnera plants?”,-100- +100',- 100 = the chemical very strongly prevented the plants from having red spots; 0 = the chemical had no effect either way; + 100 means that the chemical very strongly caused the plants to have red spots,"White, P.A. (2004). Causal judgment from contingency information: A systematic test of the pCI rule. Memory & Cognition 32, 353–368. https://doi.org/10.3758/BF03195830",,,
White (2004),2,,,42,within-subjects,"Three separate experimental designs, each for a different value of a/(a + b). In each design, p(C) was varied across three values: 0.2, 0.5, and 0.8. In the design with a/(a + b) = 0.75, ΔP was varied across five values: -0.75, -0.5, -0.25, 0, and +0.25. In the design with a/(a + b) = 0.5, ΔP was varied across five values: -0.5, -0.25, 0, +0.25, and +0.5. In the design with a/(a + b) = 0.25, ΔP was varied across five values: -0.25, 0, +0.25, +0.5, and +0.75. The number of evaluation tasks was 15 in each design, total of 45.",simultaneous,bidirectional,Table 11,10,10,15,5,,,-.25,,.5,,,,,,,,,-3.21,“To what extent did this chemical affect the occurrence of red spots in the brunnera plants?”,-100- +100',- 100 = the chemical very strongly prevented the plants from having red spots; 0 = the chemical had no effect either way; + 100 means that the chemical very strongly caused the plants to have red spots,"White, P.A. (2004). Causal judgment from contingency information: A systematic test of the pCI rule. Memory & Cognition 32, 353–368. https://doi.org/10.3758/BF03195830",,,
White (2004),2,,,42,within-subjects,"Three separate experimental designs, each for a different value of a/(a + b). In each design, p(C) was varied across three values: 0.2, 0.5, and 0.8. In the design with a/(a + b) = 0.75, ΔP was varied across five values: -0.75, -0.5, -0.25, 0, and +0.25. In the design with a/(a + b) = 0.5, ΔP was varied across five values: -0.5, -0.25, 0, +0.25, and +0.5. In the design with a/(a + b) = 0.25, ΔP was varied across five values: -0.25, 0, +0.25, +0.5, and +0.75. The number of evaluation tasks was 15 in each design, total of 45.",simultaneous,bidirectional,Table 11,10,10,20,0,,,-.50,,.5,,,,,,,,,-35.12,“To what extent did this chemical affect the occurrence of red spots in the brunnera plants?”,-100- +100',- 100 = the chemical very strongly prevented the plants from having red spots; 0 = the chemical had no effect either way; + 100 means that the chemical very strongly caused the plants to have red spots,"White, P.A. (2004). Causal judgment from contingency information: A systematic test of the pCI rule. Memory & Cognition 32, 353–368. https://doi.org/10.3758/BF03195830",,,
White (2004),2,,,42,within-subjects,"Three separate experimental designs, each for a different value of a/(a + b). In each design, p(C) was varied across three values: 0.2, 0.5, and 0.8. In the design with a/(a + b) = 0.75, ΔP was varied across five values: -0.75, -0.5, -0.25, 0, and +0.25. In the design with a/(a + b) = 0.5, ΔP was varied across five values: -0.5, -0.25, 0, +0.25, and +0.5. In the design with a/(a + b) = 0.25, ΔP was varied across five values: -0.25, 0, +0.25, +0.5, and +0.75. The number of evaluation tasks was 15 in each design, total of 45.",simultaneous,bidirectional,Table 11,16,16,0,8,,,.50,,.8,,,,,,,,,29.98,“To what extent did this chemical affect the occurrence of red spots in the brunnera plants?”,-100- +100',- 100 = the chemical very strongly prevented the plants from having red spots; 0 = the chemical had no effect either way; + 100 means that the chemical very strongly caused the plants to have red spots,"White, P.A. (2004). Causal judgment from contingency information: A systematic test of the pCI rule. Memory & Cognition 32, 353–368. https://doi.org/10.3758/BF03195830",,,
White (2004),2,,,42,within-subjects,"Three separate experimental designs, each for a different value of a/(a + b). In each design, p(C) was varied across three values: 0.2, 0.5, and 0.8. In the design with a/(a + b) = 0.75, ΔP was varied across five values: -0.75, -0.5, -0.25, 0, and +0.25. In the design with a/(a + b) = 0.5, ΔP was varied across five values: -0.5, -0.25, 0, +0.25, and +0.5. In the design with a/(a + b) = 0.25, ΔP was varied across five values: -0.25, 0, +0.25, +0.5, and +0.75. The number of evaluation tasks was 15 in each design, total of 45.",simultaneous,bidirectional,Table 11,16,16,2,6,,,.25,,.8,,,,,,,,,18.87,“To what extent did this chemical affect the occurrence of red spots in the brunnera plants?”,-100- +100',- 100 = the chemical very strongly prevented the plants from having red spots; 0 = the chemical had no effect either way; + 100 means that the chemical very strongly caused the plants to have red spots,"White, P.A. (2004). Causal judgment from contingency information: A systematic test of the pCI rule. Memory & Cognition 32, 353–368. https://doi.org/10.3758/BF03195830",,,
White (2004),2,,,42,within-subjects,"Three separate experimental designs, each for a different value of a/(a + b). In each design, p(C) was varied across three values: 0.2, 0.5, and 0.8. In the design with a/(a + b) = 0.75, ΔP was varied across five values: -0.75, -0.5, -0.25, 0, and +0.25. In the design with a/(a + b) = 0.5, ΔP was varied across five values: -0.5, -0.25, 0, +0.25, and +0.5. In the design with a/(a + b) = 0.25, ΔP was varied across five values: -0.25, 0, +0.25, +0.5, and +0.75. The number of evaluation tasks was 15 in each design, total of 45.",simultaneous,bidirectional,Table 11,16,16,4,4,,,.00,,.8,,,,,,,,,11.19,“To what extent did this chemical affect the occurrence of red spots in the brunnera plants?”,-100- +100',- 100 = the chemical very strongly prevented the plants from having red spots; 0 = the chemical had no effect either way; + 100 means that the chemical very strongly caused the plants to have red spots,"White, P.A. (2004). Causal judgment from contingency information: A systematic test of the pCI rule. Memory & Cognition 32, 353–368. https://doi.org/10.3758/BF03195830",,,
White (2004),2,,,42,within-subjects,"Three separate experimental designs, each for a different value of a/(a + b). In each design, p(C) was varied across three values: 0.2, 0.5, and 0.8. In the design with a/(a + b) = 0.75, ΔP was varied across five values: -0.75, -0.5, -0.25, 0, and +0.25. In the design with a/(a + b) = 0.5, ΔP was varied across five values: -0.5, -0.25, 0, +0.25, and +0.5. In the design with a/(a + b) = 0.25, ΔP was varied across five values: -0.25, 0, +0.25, +0.5, and +0.75. The number of evaluation tasks was 15 in each design, total of 45.",simultaneous,bidirectional,Table 11,16,16,6,2,,,-.25,,.8,,,,,,,,,-1.98,“To what extent did this chemical affect the occurrence of red spots in the brunnera plants?”,-100- +100',- 100 = the chemical very strongly prevented the plants from having red spots; 0 = the chemical had no effect either way; + 100 means that the chemical very strongly caused the plants to have red spots,"White, P.A. (2004). Causal judgment from contingency information: A systematic test of the pCI rule. Memory & Cognition 32, 353–368. https://doi.org/10.3758/BF03195830",,,
White (2004),2,,,42,within-subjects,"Three separate experimental designs, each for a different value of a/(a + b). In each design, p(C) was varied across three values: 0.2, 0.5, and 0.8. In the design with a/(a + b) = 0.75, ΔP was varied across five values: -0.75, -0.5, -0.25, 0, and +0.25. In the design with a/(a + b) = 0.5, ΔP was varied across five values: -0.5, -0.25, 0, +0.25, and +0.5. In the design with a/(a + b) = 0.25, ΔP was varied across five values: -0.25, 0, +0.25, +0.5, and +0.75. The number of evaluation tasks was 15 in each design, total of 45.",simultaneous,bidirectional,Table 11,16,16,8,0,,,-.50,,.8,,,,,,,,,4.1,“To what extent did this chemical affect the occurrence of red spots in the brunnera plants?”,-100- +100',- 100 = the chemical very strongly prevented the plants from having red spots; 0 = the chemical had no effect either way; + 100 means that the chemical very strongly caused the plants to have red spots,"White, P.A. (2004). Causal judgment from contingency information: A systematic test of the pCI rule. Memory & Cognition 32, 353–368. https://doi.org/10.3758/BF03195830",,,