id,study,experiment,n,framing,N_11,N_10,N_01,N_00,pEC,pEnoC,deltaP,power,sample_direction,rating,reference
1,Perales & Shanks (2004),1a,NA,generative,36,4,8,32,0.9,0.2,0.7,0.8749999999999999,generative,72,"Perales, J. C., & Shanks, D. R. (2004, May). The cause–density effect as a tool to discriminate between causal learning models. Paper presented at the Special Interest Meeting on Human Contingency Learning, Lignely, Belgium."
2,Perales & Shanks (2004),1a,NA,generative,22,18,4,36,0.55,0.1,0.45000000000000007,0.5000000000000001,generative,46,"Perales, J. C., & Shanks, D. R. (2004, May). The cause–density effect as a tool to discriminate between causal learning models. Paper presented at the Special Interest Meeting on Human Contingency Learning, Lignely, Belgium."
3,Perales & Shanks (2004),1a,NA,generative,36,4,32,8,0.9,0.8,0.09999999999999998,0.5,generative,40,"Perales, J. C., & Shanks, D. R. (2004, May). The cause–density effect as a tool to discriminate between causal learning models. Paper presented at the Special Interest Meeting on Human Contingency Learning, Lignely, Belgium."
4,Perales & Shanks (2003),1,16,bidirectional,10,0,6,4,1,0.6,0.4,1,generative,87,"Perales, J. C., & Shanks, D. R. (2003). Normative and descriptive accounts of the influence of power and contingency on causal judgement. Quarterly Journal of Experimental Psychology, 56A, 977-1007."
5,Perales & Shanks (2003),1,16,bidirectional,4,6,0,10,0.4,0,0.4,0.4,generative,35,"Perales, J. C., & Shanks, D. R. (2003). Normative and descriptive accounts of the influence of power and contingency on causal judgement. Quarterly Journal of Experimental Psychology, 56A, 977-1007."
6,Perales & Shanks (2003),1,16,bidirectional,6,4,10,0,0.6,1,-0.4,0.4,preventive,3,"Perales, J. C., & Shanks, D. R. (2003). Normative and descriptive accounts of the influence of power and contingency on causal judgement. Quarterly Journal of Experimental Psychology, 56A, 977-1007."
7,Perales & Shanks (2003),1,16,bidirectional,0,10,4,6,0,0.4,-0.4,1,preventive,-64,"Perales, J. C., & Shanks, D. R. (2003). Normative and descriptive accounts of the influence of power and contingency on causal judgement. Quarterly Journal of Experimental Psychology, 56A, 977-1007."
8,Perales & Shanks (2003),2,18,bidirectional,10,0,1,9,1,0.1,0.9,1,generative,92,"Perales, J. C., & Shanks, D. R. (2003). Normative and descriptive accounts of the influence of power and contingency on causal judgement. Quarterly Journal of Experimental Psychology, 56A, 977-1007."
9,Perales & Shanks (2003),2,18,bidirectional,10,0,7,3,1,0.7,0.30000000000000004,1,generative,61,"Perales, J. C., & Shanks, D. R. (2003). Normative and descriptive accounts of the influence of power and contingency on causal judgement. Quarterly Journal of Experimental Psychology, 56A, 977-1007."
10,Perales & Shanks (2003),2,18,bidirectional,8,2,8,2,0.8,0.8,0,0,zero,25,"Perales, J. C., & Shanks, D. R. (2003). Normative and descriptive accounts of the influence of power and contingency on causal judgement. Quarterly Journal of Experimental Psychology, 56A, 977-1007."
11,Perales & Shanks (2003),2,18,bidirectional,2,8,2,8,0.2,0.2,0,0,zero,-15,"Perales, J. C., & Shanks, D. R. (2003). Normative and descriptive accounts of the influence of power and contingency on causal judgement. Quarterly Journal of Experimental Psychology, 56A, 977-1007."
12,Perales & Shanks (2003),2,18,bidirectional,0,10,3,7,0,0.3,-0.3,1,preventive,-61,"Perales, J. C., & Shanks, D. R. (2003). Normative and descriptive accounts of the influence of power and contingency on causal judgement. Quarterly Journal of Experimental Psychology, 56A, 977-1007."
13,Perales & Shanks (2003),2,18,bidirectional,0,10,9,1,0,0.9,-0.9,1,preventive,-78,"Perales, J. C., & Shanks, D. R. (2003). Normative and descriptive accounts of the influence of power and contingency on causal judgement. Quarterly Journal of Experimental Psychology, 56A, 977-1007."
14,Perales & Shanks (2003),3,16,bidirectional,10,0,2,8,1,0.2,0.8,1,generative,83,"Perales, J. C., & Shanks, D. R. (2003). Normative and descriptive accounts of the influence of power and contingency on causal judgement. Quarterly Journal of Experimental Psychology, 56A, 977-1007."
15,Perales & Shanks (2003),3,16,bidirectional,10,0,8,2,1,0.8,0.19999999999999996,1,generative,53,"Perales, J. C., & Shanks, D. R. (2003). Normative and descriptive accounts of the influence of power and contingency on causal judgement. Quarterly Journal of Experimental Psychology, 56A, 977-1007."
16,Shanks (2002),1,9,bidirectional,24,6,6,24,0.8,0.2,0.6000000000000001,0.7500000000000001,generative,68,"Shanks, D. R. (2002). Tests of the power PC theory of causal induction with negative contingencies. Experimental Psychology, 49, 81–88."
17,Shanks (2002),1,9,bidirectional,0,30,6,24,0,0.2,-0.2,1,preventive,-35,"Shanks, D. R. (2002). Tests of the power PC theory of causal induction with negative contingencies. Experimental Psychology, 49, 81–88."
18,Shanks (2002),1,9,bidirectional,0,30,30,0,0,1,-1,1,preventive,-99,"Shanks, D. R. (2002). Tests of the power PC theory of causal induction with negative contingencies. Experimental Psychology, 49, 81–88."
19,Shanks (2002),2,18,bidirectional,24,6,6,24,0.8,0.2,0.6000000000000001,0.7500000000000001,generative,67,"Shanks, D. R. (2002). Tests of the power PC theory of causal induction with negative contingencies. Experimental Psychology, 49, 81–88."
20,Shanks (2002),2,18,bidirectional,3,27,10,20,0.1,0.3333333333333333,-0.2333333333333333,0.7,preventive,-48,"Shanks, D. R. (2002). Tests of the power PC theory of causal induction with negative contingencies. Experimental Psychology, 49, 81–88."
21,Shanks (2002),2,18,bidirectional,9,21,30,0,0.3,1,-0.7,0.7,preventive,-70,"Shanks, D. R. (2002). Tests of the power PC theory of causal induction with negative contingencies. Experimental Psychology, 49, 81–88."
22,Lober & Shanks (2000),1,27,generative,21,9,0,30,0.7,0,0.7,0.7,generative,68,"Lober, K., & Shanks, D. R. (2000). Is causal induction based on causal power? Critique of Cheng (1997). Psychological Review, 107, 195–212."
23,Lober & Shanks (2000),1,27,generative,24,6,10,20,0.8,0.3333333333333333,0.46666666666666673,0.7000000000000001,generative,63,"Lober, K., & Shanks, D. R. (2000). Is causal induction based on causal power? Critique of Cheng (1997). Psychological Review, 107, 195–212."
24,Lober & Shanks (2000),1,27,generative,27,3,20,10,0.9,0.6666666666666666,0.2333333333333334,0.7000000000000001,generative,55,"Lober, K., & Shanks, D. R. (2000). Is causal induction based on causal power? Critique of Cheng (1997). Psychological Review, 107, 195–212."
25,Lober & Shanks (2000),2,16,generative,28,0,0,28,1,0,1,1,generative,96,"Lober, K., & Shanks, D. R. (2000). Is causal induction based on causal power? Critique of Cheng (1997). Psychological Review, 107, 195–212."
26,Lober & Shanks (2000),2,16,generative,28,0,7,21,1,0.25,0.75,1,generative,87,"Lober, K., & Shanks, D. R. (2000). Is causal induction based on causal power? Critique of Cheng (1997). Psychological Review, 107, 195–212."
27,Lober & Shanks (2000),2,16,generative,28,0,14,14,1,0.5,0.5,1,generative,78,"Lober, K., & Shanks, D. R. (2000). Is causal induction based on causal power? Critique of Cheng (1997). Psychological Review, 107, 195–212."
28,Lober & Shanks (2000),2,16,generative,28,0,21,7,1,0.75,0.25,1,generative,65,"Lober, K., & Shanks, D. R. (2000). Is causal induction based on causal power? Critique of Cheng (1997). Psychological Review, 107, 195–212."
29,Lober & Shanks (2000),3,24,generative,30,0,18,12,1,0.6,0.4,1,generative,64,"Lober, K., & Shanks, D. R. (2000). Is causal induction based on causal power? Critique of Cheng (1997). Psychological Review, 107, 195–212."
30,Lober & Shanks (2000),3,24,generative,24,6,12,18,0.8,0.4,0.4,0.6666666666666667,generative,54,"Lober, K., & Shanks, D. R. (2000). Is causal induction based on causal power? Critique of Cheng (1997). Psychological Review, 107, 195–212."
31,Lober & Shanks (2000),3,24,generative,12,18,0,30,0.4,0,0.4,0.4,generative,38,"Lober, K., & Shanks, D. R. (2000). Is causal induction based on causal power? Critique of Cheng (1997). Psychological Review, 107, 195–212."
32,Lober & Shanks (2000),3,24,generative,27,3,25,5,0.9,0.8333333333333334,0.06666666666666665,0.4,generative,34,"Lober, K., & Shanks, D. R. (2000). Is causal induction based on causal power? Critique of Cheng (1997). Psychological Review, 107, 195–212."
33,Collins & Shanks (2006),1,40,generative,30,15,0,45,0.6666666666666666,0,0.6666666666666666,0.6666666666666666,generative,63,"Collins, D. J., & Shanks, D. R. (2006). Conformity to the power PC theory of causal induction depends on type of probe question. Quarterly Journal of Experimental Psychology, 59, 225–232."
34,Collins & Shanks (2006),1,40,generative,36,9,18,27,0.8,0.4,0.4,0.6666666666666667,generative,55,"Collins, D. J., & Shanks, D. R. (2006). Conformity to the power PC theory of causal induction depends on type of probe question. Quarterly Journal of Experimental Psychology, 59, 225–232."
35,Collins & Shanks (2006),1,40,generative,18,27,0,45,0.4,0,0.4,0.4,generative,41,"Collins, D. J., & Shanks, D. R. (2006). Conformity to the power PC theory of causal induction depends on type of probe question. Quarterly Journal of Experimental Psychology, 59, 225–232."
36,Collins & Shanks (2006),2,40,generative,32,8,4,36,0.8,0.1,0.7000000000000001,0.7777777777777778,generative,82,"Collins, D. J., & Shanks, D. R. (2006). Conformity to the power PC theory of causal induction depends on type of probe question. Quarterly Journal of Experimental Psychology, 59, 225–232."
37,Collins & Shanks (2006),2,40,generative,36,4,22,18,0.9,0.55,0.35,0.7777777777777778,generative,63,"Collins, D. J., & Shanks, D. R. (2006). Conformity to the power PC theory of causal induction depends on type of probe question. Quarterly Journal of Experimental Psychology, 59, 225–232."
38,Collins & Shanks (2006),2,40,generative,14,26,0,40,0.35,0,0.35,0.35,generative,49,"Collins, D. J., & Shanks, D. R. (2006). Conformity to the power PC theory of causal induction depends on type of probe question. Quarterly Journal of Experimental Psychology, 59, 225–232."
39,Collins & Shanks (2006),2,40,generative,20,20,20,20,0.5,0.5,0,0,zero,32,"Collins, D. J., & Shanks, D. R. (2006). Conformity to the power PC theory of causal induction depends on type of probe question. Quarterly Journal of Experimental Psychology, 59, 225–232."
40,Vallée-Tourangeu et al. (1998),1,22,bidirectional,5,15,5,15,0.25,0.25,0,0,zero,-20,"Vallée-Tourangeau, F., Murphy, R. A., Drew, S., & Baker, A. G. (1998). Judging the importance of constant and variable candidate causes: A test of the power PC theory. Quarterly Journal of Experimental Psychology, 51A, 65–84."
41,Vallée-Tourangeu et al. (1998),1,22,bidirectional,10,10,10,10,0.5,0.5,0,0,zero,1,"Vallée-Tourangeau, F., Murphy, R. A., Drew, S., & Baker, A. G. (1998). Judging the importance of constant and variable candidate causes: A test of the power PC theory. Quarterly Journal of Experimental Psychology, 51A, 65–84."
42,Vallée-Tourangeu et al. (1998),1,22,bidirectional,15,5,15,5,0.75,0.75,0,0,zero,30,"Vallée-Tourangeau, F., Murphy, R. A., Drew, S., & Baker, A. G. (1998). Judging the importance of constant and variable candidate causes: A test of the power PC theory. Quarterly Journal of Experimental Psychology, 51A, 65–84."
43,Vallée-Tourangeu et al. (1998),1,22,bidirectional,10,10,0,20,0.5,0,0.5,0.5,generative,19,"Vallée-Tourangeau, F., Murphy, R. A., Drew, S., & Baker, A. G. (1998). Judging the importance of constant and variable candidate causes: A test of the power PC theory. Quarterly Journal of Experimental Psychology, 51A, 65–84."
44,Vallée-Tourangeu et al. (1998),1,22,bidirectional,15,5,5,15,0.75,0.25,0.5,0.6666666666666666,generative,55,"Vallée-Tourangeau, F., Murphy, R. A., Drew, S., & Baker, A. G. (1998). Judging the importance of constant and variable candidate causes: A test of the power PC theory. Quarterly Journal of Experimental Psychology, 51A, 65–84."
45,Vallée-Tourangeu et al. (1998),1,22,bidirectional,20,0,10,10,1,0.5,0.5,1,generative,94,"Vallée-Tourangeau, F., Murphy, R. A., Drew, S., & Baker, A. G. (1998). Judging the importance of constant and variable candidate causes: A test of the power PC theory. Quarterly Journal of Experimental Psychology, 51A, 65–84."
46,Vallée-Tourangeu et al. (1998),2,23,bidirectional,5,15,5,15,0.25,0.25,0,0,zero,-6,"Vallée-Tourangeau, F., Murphy, R. A., Drew, S., & Baker, A. G. (1998). Judging the importance of constant and variable candidate causes: A test of the power PC theory. Quarterly Journal of Experimental Psychology, 51A, 65–84."
47,Vallée-Tourangeu et al. (1998),2,23,bidirectional,10,10,10,10,0.5,0.5,0,0,zero,16,"Vallée-Tourangeau, F., Murphy, R. A., Drew, S., & Baker, A. G. (1998). Judging the importance of constant and variable candidate causes: A test of the power PC theory. Quarterly Journal of Experimental Psychology, 51A, 65–84."
48,Vallée-Tourangeu et al. (1998),2,23,bidirectional,15,5,15,5,0.75,0.75,0,0,zero,39,"Vallée-Tourangeau, F., Murphy, R. A., Drew, S., & Baker, A. G. (1998). Judging the importance of constant and variable candidate causes: A test of the power PC theory. Quarterly Journal of Experimental Psychology, 51A, 65–84."
49,Vallée-Tourangeu et al. (1998),2,23,bidirectional,0,20,10,10,0,0.5,-0.5,1,preventive,-73,"Vallée-Tourangeau, F., Murphy, R. A., Drew, S., & Baker, A. G. (1998). Judging the importance of constant and variable candidate causes: A test of the power PC theory. Quarterly Journal of Experimental Psychology, 51A, 65–84."
50,Vallée-Tourangeu et al. (1998),2,23,bidirectional,5,15,15,5,0.25,0.75,-0.5,0.6666666666666666,preventive,-28,"Vallée-Tourangeau, F., Murphy, R. A., Drew, S., & Baker, A. G. (1998). Judging the importance of constant and variable candidate causes: A test of the power PC theory. Quarterly Journal of Experimental Psychology, 51A, 65–84."
51,Vallée-Tourangeu et al. (1998),2,23,bidirectional,10,10,20,0,0.5,1,-0.5,0.5,preventive,-15,"Vallée-Tourangeau, F., Murphy, R. A., Drew, S., & Baker, A. G. (1998). Judging the importance of constant and variable candidate causes: A test of the power PC theory. Quarterly Journal of Experimental Psychology, 51A, 65–84."
52,Wasserman et al. (1996),1,100,bidirectional,6,6,6,6,0.5,0.5,0,0,zero,3,"Wasserman, E. A., Kao, S.-F., Van-Hamme, L. J., Katagiri, M., & Young, M. E. (1996). Causation and association. In D. R. Shanks, K. J. Holyoak, & D. L. Medin (Eds.), The psychology of learning and motivation: Vol. 34. Causal learning (pp. 207–264). San Diego: Academic Press."
53,Wasserman et al. (1996),1,100,bidirectional,3,3,9,9,0.5,0.5,0,0,zero,-1,"Wasserman, E. A., Kao, S.-F., Van-Hamme, L. J., Katagiri, M., & Young, M. E. (1996). Causation and association. In D. R. Shanks, K. J. Holyoak, & D. L. Medin (Eds.), The psychology of learning and motivation: Vol. 34. Causal learning (pp. 207–264). San Diego: Academic Press."
54,Wasserman et al. (1996),1,100,bidirectional,3,9,3,9,0.25,0.25,0,0,zero,-14,"Wasserman, E. A., Kao, S.-F., Van-Hamme, L. J., Katagiri, M., & Young, M. E. (1996). Causation and association. In D. R. Shanks, K. J. Holyoak, & D. L. Medin (Eds.), The psychology of learning and motivation: Vol. 34. Causal learning (pp. 207–264). San Diego: Academic Press."
55,Wasserman et al. (1996),1,100,bidirectional,9,3,9,3,0.75,0.75,0,0,zero,27,"Wasserman, E. A., Kao, S.-F., Van-Hamme, L. J., Katagiri, M., & Young, M. E. (1996). Causation and association. In D. R. Shanks, K. J. Holyoak, & D. L. Medin (Eds.), The psychology of learning and motivation: Vol. 34. Causal learning (pp. 207–264). San Diego: Academic Press."
56,Wasserman et al. (1996),1,100,bidirectional,9,9,3,3,0.5,0.5,0,0,zero,8,"Wasserman, E. A., Kao, S.-F., Van-Hamme, L. J., Katagiri, M., & Young, M. E. (1996). Causation and association. In D. R. Shanks, K. J. Holyoak, & D. L. Medin (Eds.), The psychology of learning and motivation: Vol. 34. Causal learning (pp. 207–264). San Diego: Academic Press."
57,Wasserman et al. (1996),1,100,bidirectional,3,5,6,10,0.375,0.375,0,0,zero,-4,"Wasserman, E. A., Kao, S.-F., Van-Hamme, L. J., Katagiri, M., & Young, M. E. (1996). Causation and association. In D. R. Shanks, K. J. Holyoak, & D. L. Medin (Eds.), The psychology of learning and motivation: Vol. 34. Causal learning (pp. 207–264). San Diego: Academic Press."
58,Wasserman et al. (1996),1,100,bidirectional,3,6,5,10,0.3333333333333333,0.3333333333333333,0,0,zero,-7,"Wasserman, E. A., Kao, S.-F., Van-Hamme, L. J., Katagiri, M., & Young, M. E. (1996). Causation and association. In D. R. Shanks, K. J. Holyoak, & D. L. Medin (Eds.), The psychology of learning and motivation: Vol. 34. Causal learning (pp. 207–264). San Diego: Academic Press."
59,Wasserman et al. (1996),1,100,bidirectional,5,3,10,6,0.625,0.625,0,0,zero,1,"Wasserman, E. A., Kao, S.-F., Van-Hamme, L. J., Katagiri, M., & Young, M. E. (1996). Causation and association. In D. R. Shanks, K. J. Holyoak, & D. L. Medin (Eds.), The psychology of learning and motivation: Vol. 34. Causal learning (pp. 207–264). San Diego: Academic Press."
60,Wasserman et al. (1996),1,100,bidirectional,5,10,3,6,0.3333333333333333,0.3333333333333333,0,0,zero,-17,"Wasserman, E. A., Kao, S.-F., Van-Hamme, L. J., Katagiri, M., & Young, M. E. (1996). Causation and association. In D. R. Shanks, K. J. Holyoak, & D. L. Medin (Eds.), The psychology of learning and motivation: Vol. 34. Causal learning (pp. 207–264). San Diego: Academic Press."
61,Wasserman et al. (1996),1,100,bidirectional,6,3,10,5,0.6666666666666666,0.6666666666666666,0,0,zero,-1,"Wasserman, E. A., Kao, S.-F., Van-Hamme, L. J., Katagiri, M., & Young, M. E. (1996). Causation and association. In D. R. Shanks, K. J. Holyoak, & D. L. Medin (Eds.), The psychology of learning and motivation: Vol. 34. Causal learning (pp. 207–264). San Diego: Academic Press."
62,Wasserman et al. (1996),1,100,bidirectional,6,10,3,5,0.375,0.375,0,0,zero,-11,"Wasserman, E. A., Kao, S.-F., Van-Hamme, L. J., Katagiri, M., & Young, M. E. (1996). Causation and association. In D. R. Shanks, K. J. Holyoak, & D. L. Medin (Eds.), The psychology of learning and motivation: Vol. 34. Causal learning (pp. 207–264). San Diego: Academic Press."
63,Wasserman et al. (1996),1,100,bidirectional,10,5,6,3,0.6666666666666666,0.6666666666666666,0,0,zero,30,"Wasserman, E. A., Kao, S.-F., Van-Hamme, L. J., Katagiri, M., & Young, M. E. (1996). Causation and association. In D. R. Shanks, K. J. Holyoak, & D. L. Medin (Eds.), The psychology of learning and motivation: Vol. 34. Causal learning (pp. 207–264). San Diego: Academic Press."
64,Wasserman et al. (1996),1,100,bidirectional,10,6,5,3,0.625,0.625,0,0,zero,29,"Wasserman, E. A., Kao, S.-F., Van-Hamme, L. J., Katagiri, M., & Young, M. E. (1996). Causation and association. In D. R. Shanks, K. J. Holyoak, & D. L. Medin (Eds.), The psychology of learning and motivation: Vol. 34. Causal learning (pp. 207–264). San Diego: Academic Press."
65,Wasserman et al. (1996),1,100,bidirectional,2,6,6,6,0.25,0.5,-0.25,0.5,preventive,-27,"Wasserman, E. A., Kao, S.-F., Van-Hamme, L. J., Katagiri, M., & Young, M. E. (1996). Causation and association. In D. R. Shanks, K. J. Holyoak, & D. L. Medin (Eds.), The psychology of learning and motivation: Vol. 34. Causal learning (pp. 207–264). San Diego: Academic Press."
66,Wasserman et al. (1996),1,100,bidirectional,6,2,6,6,0.75,0.5,0.25,0.5,generative,30,"Wasserman, E. A., Kao, S.-F., Van-Hamme, L. J., Katagiri, M., & Young, M. E. (1996). Causation and association. In D. R. Shanks, K. J. Holyoak, & D. L. Medin (Eds.), The psychology of learning and motivation: Vol. 34. Causal learning (pp. 207–264). San Diego: Academic Press."
67,Wasserman et al. (1996),1,100,bidirectional,6,6,2,6,0.5,0.25,0.25,0.3333333333333333,generative,18,"Wasserman, E. A., Kao, S.-F., Van-Hamme, L. J., Katagiri, M., & Young, M. E. (1996). Causation and association. In D. R. Shanks, K. J. Holyoak, & D. L. Medin (Eds.), The psychology of learning and motivation: Vol. 34. Causal learning (pp. 207–264). San Diego: Academic Press."
68,Wasserman et al. (1996),1,100,bidirectional,6,6,6,2,0.5,0.75,-0.25,0.3333333333333333,preventive,-6,"Wasserman, E. A., Kao, S.-F., Van-Hamme, L. J., Katagiri, M., & Young, M. E. (1996). Causation and association. In D. R. Shanks, K. J. Holyoak, & D. L. Medin (Eds.), The psychology of learning and motivation: Vol. 34. Causal learning (pp. 207–264). San Diego: Academic Press."
69,Wasserman et al. (1996),1,100,bidirectional,18,6,6,6,0.75,0.5,0.25,0.5,generative,60,"Wasserman, E. A., Kao, S.-F., Van-Hamme, L. J., Katagiri, M., & Young, M. E. (1996). Causation and association. In D. R. Shanks, K. J. Holyoak, & D. L. Medin (Eds.), The psychology of learning and motivation: Vol. 34. Causal learning (pp. 207–264). San Diego: Academic Press."
70,Wasserman et al. (1996),1,100,bidirectional,6,18,6,6,0.25,0.5,-0.25,0.5,preventive,-52,"Wasserman, E. A., Kao, S.-F., Van-Hamme, L. J., Katagiri, M., & Young, M. E. (1996). Causation and association. In D. R. Shanks, K. J. Holyoak, & D. L. Medin (Eds.), The psychology of learning and motivation: Vol. 34. Causal learning (pp. 207–264). San Diego: Academic Press."
71,Wasserman et al. (1996),1,100,bidirectional,6,6,18,6,0.5,0.75,-0.25,0.3333333333333333,preventive,-22,"Wasserman, E. A., Kao, S.-F., Van-Hamme, L. J., Katagiri, M., & Young, M. E. (1996). Causation and association. In D. R. Shanks, K. J. Holyoak, & D. L. Medin (Eds.), The psychology of learning and motivation: Vol. 34. Causal learning (pp. 207–264). San Diego: Academic Press."
72,Wasserman et al. (1996),1,100,bidirectional,6,6,6,18,0.5,0.25,0.25,0.3333333333333333,generative,23,"Wasserman, E. A., Kao, S.-F., Van-Hamme, L. J., Katagiri, M., & Young, M. E. (1996). Causation and association. In D. R. Shanks, K. J. Holyoak, & D. L. Medin (Eds.), The psychology of learning and motivation: Vol. 34. Causal learning (pp. 207–264). San Diego: Academic Press."
73,Buehner et al. (2003),1,57,preventive,0,8,8,0,0,1,-1,1,preventive,-93.58,"Buehner, M. J., Cheng, P. W., & Clifford, D. (2003). From covariation to causation: A test of the assumption of causal power. Journal of Experimental Psychology: Learning, Memory, & Cognition, 29, 1119–1140."
74,Buehner et al. (2003),1,57,preventive,0,8,6,2,0,0.75,-0.75,1,preventive,-84.75,"Buehner, M. J., Cheng, P. W., & Clifford, D. (2003). From covariation to causation: A test of the assumption of causal power. Journal of Experimental Psychology: Learning, Memory, & Cognition, 29, 1119–1140."
75,Buehner et al. (2003),1,57,preventive,2,6,8,0,0.25,1,-0.75,0.75,preventive,-71.54,"Buehner, M. J., Cheng, P. W., & Clifford, D. (2003). From covariation to causation: A test of the assumption of causal power. Journal of Experimental Psychology: Learning, Memory, & Cognition, 29, 1119–1140."
76,Buehner et al. (2003),1,57,preventive,0,8,4,4,0,0.5,-0.5,1,preventive,-79.28,"Buehner, M. J., Cheng, P. W., & Clifford, D. (2003). From covariation to causation: A test of the assumption of causal power. Journal of Experimental Psychology: Learning, Memory, & Cognition, 29, 1119–1140."
77,Buehner et al. (2003),1,57,preventive,2,6,6,2,0.25,0.75,-0.5,0.6666666666666666,preventive,-64.61,"Buehner, M. J., Cheng, P. W., & Clifford, D. (2003). From covariation to causation: A test of the assumption of causal power. Journal of Experimental Psychology: Learning, Memory, & Cognition, 29, 1119–1140."
78,Buehner et al. (2003),1,57,preventive,4,4,8,0,0.5,1,-0.5,0.5,preventive,-45.95,"Buehner, M. J., Cheng, P. W., & Clifford, D. (2003). From covariation to causation: A test of the assumption of causal power. Journal of Experimental Psychology: Learning, Memory, & Cognition, 29, 1119–1140."
79,Buehner et al. (2003),1,57,preventive,0,8,2,6,0,0.25,-0.25,1,preventive,-72,"Buehner, M. J., Cheng, P. W., & Clifford, D. (2003). From covariation to causation: A test of the assumption of causal power. Journal of Experimental Psychology: Learning, Memory, & Cognition, 29, 1119–1140."
80,Buehner et al. (2003),1,57,preventive,2,6,4,4,0.25,0.5,-0.25,0.5,preventive,-58.56,"Buehner, M. J., Cheng, P. W., & Clifford, D. (2003). From covariation to causation: A test of the assumption of causal power. Journal of Experimental Psychology: Learning, Memory, & Cognition, 29, 1119–1140."
81,Buehner et al. (2003),1,57,preventive,4,4,6,2,0.5,0.75,-0.25,0.3333333333333333,preventive,-42.86,"Buehner, M. J., Cheng, P. W., & Clifford, D. (2003). From covariation to causation: A test of the assumption of causal power. Journal of Experimental Psychology: Learning, Memory, & Cognition, 29, 1119–1140."
82,Buehner et al. (2003),1,57,preventive,6,2,8,0,0.75,1,-0.25,0.25,preventive,-21.09,"Buehner, M. J., Cheng, P. W., & Clifford, D. (2003). From covariation to causation: A test of the assumption of causal power. Journal of Experimental Psychology: Learning, Memory, & Cognition, 29, 1119–1140."
83,Buehner et al. (2003),1,57,preventive,0,8,0,8,0,0,0,0,zero,-45.12,"Buehner, M. J., Cheng, P. W., & Clifford, D. (2003). From covariation to causation: A test of the assumption of causal power. Journal of Experimental Psychology: Learning, Memory, & Cognition, 29, 1119–1140."
84,Buehner et al. (2003),1,57,preventive,2,6,2,6,0.25,0.25,0,0,zero,-47.79,"Buehner, M. J., Cheng, P. W., & Clifford, D. (2003). From covariation to causation: A test of the assumption of causal power. Journal of Experimental Psychology: Learning, Memory, & Cognition, 29, 1119–1140."
85,Buehner et al. (2003),1,57,preventive,4,4,4,4,0.5,0.5,0,0,zero,-33.89,"Buehner, M. J., Cheng, P. W., & Clifford, D. (2003). From covariation to causation: A test of the assumption of causal power. Journal of Experimental Psychology: Learning, Memory, & Cognition, 29, 1119–1140."
86,Buehner et al. (2003),1,57,preventive,6,2,6,2,0.75,0.75,0,0,zero,-22.86,"Buehner, M. J., Cheng, P. W., & Clifford, D. (2003). From covariation to causation: A test of the assumption of causal power. Journal of Experimental Psychology: Learning, Memory, & Cognition, 29, 1119–1140."
87,Buehner et al. (2003),1,57,preventive,8,0,8,0,1,1,0,0,zero,-8.68,"Buehner, M. J., Cheng, P. W., & Clifford, D. (2003). From covariation to causation: A test of the assumption of causal power. Journal of Experimental Psychology: Learning, Memory, & Cognition, 29, 1119–1140."
88,Buehner et al. (2003),1,52,generative,8,0,0,8,1,0,1,1,generative,88.54,"Buehner, M. J., Cheng, P. W., & Clifford, D. (2003). From covariation to causation: A test of the assumption of causal power. Journal of Experimental Psychology: Learning, Memory, & Cognition, 29, 1119–1140."
89,Buehner et al. (2003),1,52,generative,8,0,2,6,1,0.25,0.75,1,generative,76.54,"Buehner, M. J., Cheng, P. W., & Clifford, D. (2003). From covariation to causation: A test of the assumption of causal power. Journal of Experimental Psychology: Learning, Memory, & Cognition, 29, 1119–1140."
90,Buehner et al. (2003),1,52,generative,6,2,0,8,0.75,0,0.75,0.75,generative,69.02,"Buehner, M. J., Cheng, P. W., & Clifford, D. (2003). From covariation to causation: A test of the assumption of causal power. Journal of Experimental Psychology: Learning, Memory, & Cognition, 29, 1119–1140."
91,Buehner et al. (2003),1,52,generative,8,0,4,4,1,0.5,0.5,1,generative,70.85,"Buehner, M. J., Cheng, P. W., & Clifford, D. (2003). From covariation to causation: A test of the assumption of causal power. Journal of Experimental Psychology: Learning, Memory, & Cognition, 29, 1119–1140."
92,Buehner et al. (2003),1,52,generative,6,2,2,6,0.75,0.25,0.5,0.6666666666666666,generative,54.02,"Buehner, M. J., Cheng, P. W., & Clifford, D. (2003). From covariation to causation: A test of the assumption of causal power. Journal of Experimental Psychology: Learning, Memory, & Cognition, 29, 1119–1140."
93,Buehner et al. (2003),1,52,generative,4,4,0,8,0.5,0,0.5,0.5,generative,57,"Buehner, M. J., Cheng, P. W., & Clifford, D. (2003). From covariation to causation: A test of the assumption of causal power. Journal of Experimental Psychology: Learning, Memory, & Cognition, 29, 1119–1140."
94,Buehner et al. (2003),1,52,generative,8,0,6,2,1,0.75,0.25,1,generative,57.62,"Buehner, M. J., Cheng, P. W., & Clifford, D. (2003). From covariation to causation: A test of the assumption of causal power. Journal of Experimental Psychology: Learning, Memory, & Cognition, 29, 1119–1140."
95,Buehner et al. (2003),1,52,generative,6,2,4,4,0.75,0.5,0.25,0.5,generative,47.06,"Buehner, M. J., Cheng, P. W., & Clifford, D. (2003). From covariation to causation: A test of the assumption of causal power. Journal of Experimental Psychology: Learning, Memory, & Cognition, 29, 1119–1140."
96,Buehner et al. (2003),1,52,generative,4,4,2,6,0.5,0.25,0.25,0.3333333333333333,generative,45.71,"Buehner, M. J., Cheng, P. W., & Clifford, D. (2003). From covariation to causation: A test of the assumption of causal power. Journal of Experimental Psychology: Learning, Memory, & Cognition, 29, 1119–1140."
97,Buehner et al. (2003),1,52,generative,2,6,0,8,0.25,0,0.25,0.25,generative,33.69,"Buehner, M. J., Cheng, P. W., & Clifford, D. (2003). From covariation to causation: A test of the assumption of causal power. Journal of Experimental Psychology: Learning, Memory, & Cognition, 29, 1119–1140."
98,Buehner et al. (2003),1,52,generative,8,0,8,0,1,1,0,0,zero,41.1,"Buehner, M. J., Cheng, P. W., & Clifford, D. (2003). From covariation to causation: A test of the assumption of causal power. Journal of Experimental Psychology: Learning, Memory, & Cognition, 29, 1119–1140."
99,Buehner et al. (2003),1,52,generative,6,2,6,2,0.75,0.75,0,0,zero,42.62,"Buehner, M. J., Cheng, P. W., & Clifford, D. (2003). From covariation to causation: A test of the assumption of causal power. Journal of Experimental Psychology: Learning, Memory, & Cognition, 29, 1119–1140."
100,Buehner et al. (2003),1,52,generative,4,4,4,4,0.5,0.5,0,0,zero,36.6,"Buehner, M. J., Cheng, P. W., & Clifford, D. (2003). From covariation to causation: A test of the assumption of causal power. Journal of Experimental Psychology: Learning, Memory, & Cognition, 29, 1119–1140."
101,Buehner et al. (2003),1,52,generative,2,6,2,6,0.25,0.25,0,0,zero,28.62,"Buehner, M. J., Cheng, P. W., & Clifford, D. (2003). From covariation to causation: A test of the assumption of causal power. Journal of Experimental Psychology: Learning, Memory, & Cognition, 29, 1119–1140."
102,Buehner et al. (2003),1,52,generative,0,8,0,8,0,0,0,0,zero,9.46,"Buehner, M. J., Cheng, P. W., & Clifford, D. (2003). From covariation to causation: A test of the assumption of causal power. Journal of Experimental Psychology: Learning, Memory, & Cognition, 29, 1119–1140."
103,Buehner et al. (2003),2,51,bidirectional,36,0,18,18,1,0.5,0.5,1,generative,85.7,"Buehner, M. J., Cheng, P. W., & Clifford, D. (2003). From covariation to causation: A test of the assumption of causal power. Journal of Experimental Psychology: Learning, Memory, & Cognition, 29, 1119–1140."
104,Buehner et al. (2003),2,51,bidirectional,30,6,12,24,0.8333333333333334,0.3333333333333333,0.5,0.7499999999999999,generative,67.8,"Buehner, M. J., Cheng, P. W., & Clifford, D. (2003). From covariation to causation: A test of the assumption of causal power. Journal of Experimental Psychology: Learning, Memory, & Cognition, 29, 1119–1140."
105,Buehner et al. (2003),2,51,bidirectional,27,9,0,36,0.75,0,0.75,0.75,generative,74.4,"Buehner, M. J., Cheng, P. W., & Clifford, D. (2003). From covariation to causation: A test of the assumption of causal power. Journal of Experimental Psychology: Learning, Memory, & Cognition, 29, 1119–1140."
106,Buehner et al. (2003),2,51,bidirectional,18,18,0,36,0.5,0,0.5,0.5,generative,48.5,"Buehner, M. J., Cheng, P. W., & Clifford, D. (2003). From covariation to causation: A test of the assumption of causal power. Journal of Experimental Psychology: Learning, Memory, & Cognition, 29, 1119–1140."
107,Buehner et al. (2003),2,51,bidirectional,6,30,24,12,0.16666666666666666,0.6666666666666666,-0.5,0.75,preventive,-59.7,"Buehner, M. J., Cheng, P. W., & Clifford, D. (2003). From covariation to causation: A test of the assumption of causal power. Journal of Experimental Psychology: Learning, Memory, & Cognition, 29, 1119–1140."
108,Buehner et al. (2003),2,51,bidirectional,9,27,36,0,0.25,1,-0.75,0.75,preventive,-66.5,"Buehner, M. J., Cheng, P. W., & Clifford, D. (2003). From covariation to causation: A test of the assumption of causal power. Journal of Experimental Psychology: Learning, Memory, & Cognition, 29, 1119–1140."
109,Buehner et al. (2003),2,51,bidirectional,18,18,36,0,0.5,1,-0.5,0.5,preventive,-44.5,"Buehner, M. J., Cheng, P. W., & Clifford, D. (2003). From covariation to causation: A test of the assumption of causal power. Journal of Experimental Psychology: Learning, Memory, & Cognition, 29, 1119–1140."
110,Buehner et al. (2003),2,51,bidirectional,12,24,12,24,0.3333333333333333,0.3333333333333333,0,0,zero,-0.5,"Buehner, M. J., Cheng, P. W., & Clifford, D. (2003). From covariation to causation: A test of the assumption of causal power. Journal of Experimental Psychology: Learning, Memory, & Cognition, 29, 1119–1140."
111,Buehner et al. (2003),2,51,bidirectional,24,12,24,12,0.6666666666666666,0.6666666666666666,0,0,zero,0.7,"Buehner, M. J., Cheng, P. W., & Clifford, D. (2003). From covariation to causation: A test of the assumption of causal power. Journal of Experimental Psychology: Learning, Memory, & Cognition, 29, 1119–1140."
112,Buehner et al. (2003),2,51,bidirectional,0,36,18,18,0,0.5,-0.5,1,preventive,-85.9,"Buehner, M. J., Cheng, P. W., & Clifford, D. (2003). From covariation to causation: A test of the assumption of causal power. Journal of Experimental Psychology: Learning, Memory, & Cognition, 29, 1119–1140."
113,Buehner et al. (2003),3,31,bidirectional,12,0,6,6,1,0.5,0.5,1,generative,67.6,"Buehner, M. J., Cheng, P. W., & Clifford, D. (2003). From covariation to causation: A test of the assumption of causal power. Journal of Experimental Psychology: Learning, Memory, & Cognition, 29, 1119–1140."
114,Buehner et al. (2003),3,31,bidirectional,10,2,4,8,0.8333333333333334,0.3333333333333333,0.5,0.7499999999999999,generative,48.1,"Buehner, M. J., Cheng, P. W., & Clifford, D. (2003). From covariation to causation: A test of the assumption of causal power. Journal of Experimental Psychology: Learning, Memory, & Cognition, 29, 1119–1140."
115,Buehner et al. (2003),3,31,bidirectional,9,3,0,12,0.75,0,0.75,0.75,generative,59.2,"Buehner, M. J., Cheng, P. W., & Clifford, D. (2003). From covariation to causation: A test of the assumption of causal power. Journal of Experimental Psychology: Learning, Memory, & Cognition, 29, 1119–1140."
116,Buehner et al. (2003),3,31,bidirectional,6,6,0,12,0.5,0,0.5,0.5,generative,20.8,"Buehner, M. J., Cheng, P. W., & Clifford, D. (2003). From covariation to causation: A test of the assumption of causal power. Journal of Experimental Psychology: Learning, Memory, & Cognition, 29, 1119–1140."
117,Buehner et al. (2003),3,31,bidirectional,2,10,8,4,0.16666666666666666,0.6666666666666666,-0.5,0.75,preventive,-49.4,"Buehner, M. J., Cheng, P. W., & Clifford, D. (2003). From covariation to causation: A test of the assumption of causal power. Journal of Experimental Psychology: Learning, Memory, & Cognition, 29, 1119–1140."
118,Buehner et al. (2003),3,31,bidirectional,3,9,12,0,0.25,1,-0.75,0.75,preventive,-53.4,"Buehner, M. J., Cheng, P. W., & Clifford, D. (2003). From covariation to causation: A test of the assumption of causal power. Journal of Experimental Psychology: Learning, Memory, & Cognition, 29, 1119–1140."
119,Buehner et al. (2003),3,31,bidirectional,6,6,12,0,0.5,1,-0.5,0.5,preventive,-22.1,"Buehner, M. J., Cheng, P. W., & Clifford, D. (2003). From covariation to causation: A test of the assumption of causal power. Journal of Experimental Psychology: Learning, Memory, & Cognition, 29, 1119–1140."
120,Buehner et al. (2003),3,31,bidirectional,4,8,4,8,0.3333333333333333,0.3333333333333333,0,0,zero,-12.3,"Buehner, M. J., Cheng, P. W., & Clifford, D. (2003). From covariation to causation: A test of the assumption of causal power. Journal of Experimental Psychology: Learning, Memory, & Cognition, 29, 1119–1140."
121,Buehner et al. (2003),3,31,bidirectional,8,4,8,4,0.6666666666666666,0.6666666666666666,0,0,zero,10.8,"Buehner, M. J., Cheng, P. W., & Clifford, D. (2003). From covariation to causation: A test of the assumption of causal power. Journal of Experimental Psychology: Learning, Memory, & Cognition, 29, 1119–1140."
122,Buehner et al. (2003),3,31,bidirectional,0,12,6,6,0,0.5,-0.5,1,preventive,-73.2,"Buehner, M. J., Cheng, P. W., & Clifford, D. (2003). From covariation to causation: A test of the assumption of causal power. Journal of Experimental Psychology: Learning, Memory, & Cognition, 29, 1119–1140."
123,Liljeholm & Cheng (2009),1,52,generative,13,3,12,4,0.8125,0.75,0.0625,0.25,generative,12.23,"Liljeholm, M., & Cheng, P. W. (2009). The influence of virtual sample size on confidence and causal-strength judgments. Journal of Experimental Psychology: Learning, Memory, and Cognition, 35(1), 157-172."
124,Liljeholm & Cheng (2009),1,52,preventive,3,13,4,12,0.1875,0.25,-0.0625,0.25,preventive,-13.58,"Liljeholm, M., & Cheng, P. W. (2009). The influence of virtual sample size on confidence and causal-strength judgments. Journal of Experimental Psychology: Learning, Memory, and Cognition, 35(1), 157-172."
125,Liljeholm & Cheng (2009),1,52,generative,7,9,4,12,0.4375,0.25,0.1875,0.25,generative,19.12,"Liljeholm, M., & Cheng, P. W. (2009). The influence of virtual sample size on confidence and causal-strength judgments. Journal of Experimental Psychology: Learning, Memory, and Cognition, 35(1), 157-172."
126,Liljeholm & Cheng (2009),1,52,preventive,9,7,12,4,0.5625,0.75,-0.1875,0.25,preventive,-16.73,"Liljeholm, M., & Cheng, P. W. (2009). The influence of virtual sample size on confidence and causal-strength judgments. Journal of Experimental Psychology: Learning, Memory, and Cognition, 35(1), 157-172."
127,Liljeholm & Cheng (2009),1,52,generative,4,12,0,16,0.25,0,0.25,0.25,generative,20.15,"Liljeholm, M., & Cheng, P. W. (2009). The influence of virtual sample size on confidence and causal-strength judgments. Journal of Experimental Psychology: Learning, Memory, and Cognition, 35(1), 157-172."
128,Liljeholm & Cheng (2009),1,52,preventive,12,4,16,0,0.75,1,-0.25,0.25,preventive,-15.81,"Liljeholm, M., & Cheng, P. W. (2009). The influence of virtual sample size on confidence and causal-strength judgments. Journal of Experimental Psychology: Learning, Memory, and Cognition, 35(1), 157-172."
129,Liljeholm & Cheng (2009),1,52,generative,52,12,48,16,0.8125,0.75,0.0625,0.25,generative,8.39,"Liljeholm, M., & Cheng, P. W. (2009). The influence of virtual sample size on confidence and causal-strength judgments. Journal of Experimental Psychology: Learning, Memory, and Cognition, 35(1), 157-172."
130,Liljeholm & Cheng (2009),1,52,preventive,12,52,16,48,0.1875,0.25,-0.0625,0.25,preventive,-23.96,"Liljeholm, M., & Cheng, P. W. (2009). The influence of virtual sample size on confidence and causal-strength judgments. Journal of Experimental Psychology: Learning, Memory, and Cognition, 35(1), 157-172."
131,Liljeholm & Cheng (2009),1,52,generative,28,36,16,48,0.4375,0.25,0.1875,0.25,generative,20.73,"Liljeholm, M., & Cheng, P. W. (2009). The influence of virtual sample size on confidence and causal-strength judgments. Journal of Experimental Psychology: Learning, Memory, and Cognition, 35(1), 157-172."
132,Liljeholm & Cheng (2009),1,52,preventive,36,28,48,16,0.5625,0.75,-0.1875,0.25,preventive,-27.15,"Liljeholm, M., & Cheng, P. W. (2009). The influence of virtual sample size on confidence and causal-strength judgments. Journal of Experimental Psychology: Learning, Memory, and Cognition, 35(1), 157-172."
133,Liljeholm & Cheng (2009),1,52,generative,16,48,0,64,0.25,0,0.25,0.25,generative,21,"Liljeholm, M., & Cheng, P. W. (2009). The influence of virtual sample size on confidence and causal-strength judgments. Journal of Experimental Psychology: Learning, Memory, and Cognition, 35(1), 157-172."
134,Liljeholm & Cheng (2009),1,52,preventive,48,16,64,0,0.75,1,-0.25,0.25,preventive,-30.58,"Liljeholm, M., & Cheng, P. W. (2009). The influence of virtual sample size on confidence and causal-strength judgments. Journal of Experimental Psychology: Learning, Memory, and Cognition, 35(1), 157-172."
135,Liljeholm & Cheng (2009),1,52,generative,16,0,12,4,1,0.75,0.25,1,generative,46.04,"Liljeholm, M., & Cheng, P. W. (2009). The influence of virtual sample size on confidence and causal-strength judgments. Journal of Experimental Psychology: Learning, Memory, and Cognition, 35(1), 157-172."
136,Liljeholm & Cheng (2009),1,52,preventive,0,16,4,12,0,0.25,-0.25,1,preventive,-65.5,"Liljeholm, M., & Cheng, P. W. (2009). The influence of virtual sample size on confidence and causal-strength judgments. Journal of Experimental Psychology: Learning, Memory, and Cognition, 35(1), 157-172."
137,Liljeholm & Cheng (2009),1,52,generative,16,0,4,12,1,0.25,0.75,1,generative,80.96,"Liljeholm, M., & Cheng, P. W. (2009). The influence of virtual sample size on confidence and causal-strength judgments. Journal of Experimental Psychology: Learning, Memory, and Cognition, 35(1), 157-172."
138,Liljeholm & Cheng (2009),1,52,preventive,0,16,12,4,0,0.75,-0.75,1,preventive,-87.5,"Liljeholm, M., & Cheng, P. W. (2009). The influence of virtual sample size on confidence and causal-strength judgments. Journal of Experimental Psychology: Learning, Memory, and Cognition, 35(1), 157-172."
139,Liljeholm & Cheng (2009),1,52,generative,16,0,0,16,1,0,1,1,generative,90.96,"Liljeholm, M., & Cheng, P. W. (2009). The influence of virtual sample size on confidence and causal-strength judgments. Journal of Experimental Psychology: Learning, Memory, and Cognition, 35(1), 157-172."
140,Liljeholm & Cheng (2009),1,52,preventive,0,16,16,0,0,1,-1,1,preventive,-93.27,"Liljeholm, M., & Cheng, P. W. (2009). The influence of virtual sample size on confidence and causal-strength judgments. Journal of Experimental Psychology: Learning, Memory, and Cognition, 35(1), 157-172."
141,Liljeholm & Cheng (2009),1,52,generative,64,0,48,16,1,0.75,0.25,1,generative,53.31,"Liljeholm, M., & Cheng, P. W. (2009). The influence of virtual sample size on confidence and causal-strength judgments. Journal of Experimental Psychology: Learning, Memory, and Cognition, 35(1), 157-172."
142,Liljeholm & Cheng (2009),1,52,preventive,0,64,16,48,0,0.25,-0.25,1,preventive,-79.62,"Liljeholm, M., & Cheng, P. W. (2009). The influence of virtual sample size on confidence and causal-strength judgments. Journal of Experimental Psychology: Learning, Memory, and Cognition, 35(1), 157-172."
143,Liljeholm & Cheng (2009),1,52,generative,64,0,16,48,1,0.25,0.75,1,generative,83.65,"Liljeholm, M., & Cheng, P. W. (2009). The influence of virtual sample size on confidence and causal-strength judgments. Journal of Experimental Psychology: Learning, Memory, and Cognition, 35(1), 157-172."
144,Liljeholm & Cheng (2009),1,52,preventive,0,64,48,16,0,0.75,-0.75,1,preventive,-92.5,"Liljeholm, M., & Cheng, P. W. (2009). The influence of virtual sample size on confidence and causal-strength judgments. Journal of Experimental Psychology: Learning, Memory, and Cognition, 35(1), 157-172."
145,Liljeholm & Cheng (2009),1,52,generative,64,0,0,64,1,0,1,1,generative,98.65,"Liljeholm, M., & Cheng, P. W. (2009). The influence of virtual sample size on confidence and causal-strength judgments. Journal of Experimental Psychology: Learning, Memory, and Cognition, 35(1), 157-172."
146,Liljeholm & Cheng (2009),1,52,preventive,0,64,64,0,0,1,-1,1,preventive,-98.46,"Liljeholm, M., & Cheng, P. W. (2009). The influence of virtual sample size on confidence and causal-strength judgments. Journal of Experimental Psychology: Learning, Memory, and Cognition, 35(1), 157-172."
147,Liljeholm & Cheng (2009),2,38,generative,13,3,12,4,0.8125,0.75,0.0625,0.25,generative,8.16,"Liljeholm, M., & Cheng, P. W. (2009). The influence of virtual sample size on confidence and causal-strength judgments. Journal of Experimental Psychology: Learning, Memory, and Cognition, 35(1), 157-172."
148,Liljeholm & Cheng (2009),2,38,preventive,3,13,4,12,0.1875,0.25,-0.0625,0.25,preventive,-14.47,"Liljeholm, M., & Cheng, P. W. (2009). The influence of virtual sample size on confidence and causal-strength judgments. Journal of Experimental Psychology: Learning, Memory, and Cognition, 35(1), 157-172."
149,Liljeholm & Cheng (2009),2,38,generative,7,9,4,12,0.4375,0.25,0.1875,0.25,generative,14.37,"Liljeholm, M., & Cheng, P. W. (2009). The influence of virtual sample size on confidence and causal-strength judgments. Journal of Experimental Psychology: Learning, Memory, and Cognition, 35(1), 157-172."
150,Liljeholm & Cheng (2009),2,38,preventive,9,7,12,4,0.5625,0.75,-0.1875,0.25,preventive,-15.11,"Liljeholm, M., & Cheng, P. W. (2009). The influence of virtual sample size on confidence and causal-strength judgments. Journal of Experimental Psychology: Learning, Memory, and Cognition, 35(1), 157-172."
151,Liljeholm & Cheng (2009),2,38,generative,4,12,0,16,0.25,0,0.25,0.25,generative,21.84,"Liljeholm, M., & Cheng, P. W. (2009). The influence of virtual sample size on confidence and causal-strength judgments. Journal of Experimental Psychology: Learning, Memory, and Cognition, 35(1), 157-172."
152,Liljeholm & Cheng (2009),2,38,preventive,12,4,16,0,0.75,1,-0.25,0.25,preventive,-19.05,"Liljeholm, M., & Cheng, P. W. (2009). The influence of virtual sample size on confidence and causal-strength judgments. Journal of Experimental Psychology: Learning, Memory, and Cognition, 35(1), 157-172."
153,Liljeholm & Cheng (2009),2,38,generative,52,12,48,16,0.8125,0.75,0.0625,0.25,generative,11.74,"Liljeholm, M., & Cheng, P. W. (2009). The influence of virtual sample size on confidence and causal-strength judgments. Journal of Experimental Psychology: Learning, Memory, and Cognition, 35(1), 157-172."
154,Liljeholm & Cheng (2009),2,38,preventive,12,52,16,48,0.1875,0.25,-0.0625,0.25,preventive,-14,"Liljeholm, M., & Cheng, P. W. (2009). The influence of virtual sample size on confidence and causal-strength judgments. Journal of Experimental Psychology: Learning, Memory, and Cognition, 35(1), 157-172."
155,Liljeholm & Cheng (2009),2,38,generative,28,36,16,48,0.4375,0.25,0.1875,0.25,generative,24.68,"Liljeholm, M., & Cheng, P. W. (2009). The influence of virtual sample size on confidence and causal-strength judgments. Journal of Experimental Psychology: Learning, Memory, and Cognition, 35(1), 157-172."
156,Liljeholm & Cheng (2009),2,38,preventive,36,28,48,16,0.5625,0.75,-0.1875,0.25,preventive,-21.11,"Liljeholm, M., & Cheng, P. W. (2009). The influence of virtual sample size on confidence and causal-strength judgments. Journal of Experimental Psychology: Learning, Memory, and Cognition, 35(1), 157-172."
157,Liljeholm & Cheng (2009),2,38,generative,16,48,0,64,0.25,0,0.25,0.25,generative,22.89,"Liljeholm, M., & Cheng, P. W. (2009). The influence of virtual sample size on confidence and causal-strength judgments. Journal of Experimental Psychology: Learning, Memory, and Cognition, 35(1), 157-172."
158,Liljeholm & Cheng (2009),2,38,preventive,48,16,64,0,0.75,1,-0.25,0.25,preventive,-23.05,"Liljeholm, M., & Cheng, P. W. (2009). The influence of virtual sample size on confidence and causal-strength judgments. Journal of Experimental Psychology: Learning, Memory, and Cognition, 35(1), 157-172."
159,Liljeholm & Cheng (2009),2,38,generative,16,0,12,4,1,0.75,0.25,1,generative,45.26,"Liljeholm, M., & Cheng, P. W. (2009). The influence of virtual sample size on confidence and causal-strength judgments. Journal of Experimental Psychology: Learning, Memory, and Cognition, 35(1), 157-172."
160,Liljeholm & Cheng (2009),2,38,preventive,0,16,4,12,0,0.25,-0.25,1,preventive,-64.47,"Liljeholm, M., & Cheng, P. W. (2009). The influence of virtual sample size on confidence and causal-strength judgments. Journal of Experimental Psychology: Learning, Memory, and Cognition, 35(1), 157-172."
161,Liljeholm & Cheng (2009),2,38,generative,16,0,4,12,1,0.25,0.75,1,generative,80.53,"Liljeholm, M., & Cheng, P. W. (2009). The influence of virtual sample size on confidence and causal-strength judgments. Journal of Experimental Psychology: Learning, Memory, and Cognition, 35(1), 157-172."
162,Liljeholm & Cheng (2009),2,38,preventive,0,16,12,4,0,0.75,-0.75,1,preventive,-82.11,"Liljeholm, M., & Cheng, P. W. (2009). The influence of virtual sample size on confidence and causal-strength judgments. Journal of Experimental Psychology: Learning, Memory, and Cognition, 35(1), 157-172."
163,Liljeholm & Cheng (2009),2,38,generative,16,0,0,16,1,0,1,1,generative,97.37,"Liljeholm, M., & Cheng, P. W. (2009). The influence of virtual sample size on confidence and causal-strength judgments. Journal of Experimental Psychology: Learning, Memory, and Cognition, 35(1), 157-172."
164,Liljeholm & Cheng (2009),2,38,preventive,0,16,16,0,0,1,-1,1,preventive,-93.68,"Liljeholm, M., & Cheng, P. W. (2009). The influence of virtual sample size on confidence and causal-strength judgments. Journal of Experimental Psychology: Learning, Memory, and Cognition, 35(1), 157-172."
165,Liljeholm & Cheng (2009),2,38,generative,64,0,48,16,1,0.75,0.25,1,generative,56.05,"Liljeholm, M., & Cheng, P. W. (2009). The influence of virtual sample size on confidence and causal-strength judgments. Journal of Experimental Psychology: Learning, Memory, and Cognition, 35(1), 157-172."
166,Liljeholm & Cheng (2009),2,38,preventive,0,64,16,48,0,0.25,-0.25,1,preventive,-79.74,"Liljeholm, M., & Cheng, P. W. (2009). The influence of virtual sample size on confidence and causal-strength judgments. Journal of Experimental Psychology: Learning, Memory, and Cognition, 35(1), 157-172."
167,Liljeholm & Cheng (2009),2,38,generative,64,0,16,48,1,0.25,0.75,1,generative,92.11,"Liljeholm, M., & Cheng, P. W. (2009). The influence of virtual sample size on confidence and causal-strength judgments. Journal of Experimental Psychology: Learning, Memory, and Cognition, 35(1), 157-172."
168,Liljeholm & Cheng (2009),2,38,preventive,0,64,48,16,0,0.75,-0.75,1,preventive,-96.05,"Liljeholm, M., & Cheng, P. W. (2009). The influence of virtual sample size on confidence and causal-strength judgments. Journal of Experimental Psychology: Learning, Memory, and Cognition, 35(1), 157-172."
169,Liljeholm & Cheng (2009),2,38,generative,64,0,0,64,1,0,1,1,generative,100,"Liljeholm, M., & Cheng, P. W. (2009). The influence of virtual sample size on confidence and causal-strength judgments. Journal of Experimental Psychology: Learning, Memory, and Cognition, 35(1), 157-172."
170,Liljeholm & Cheng (2009),2,38,preventive,0,64,64,0,0,1,-1,1,preventive,-98.63,"Liljeholm, M., & Cheng, P. W. (2009). The influence of virtual sample size on confidence and causal-strength judgments. Journal of Experimental Psychology: Learning, Memory, and Cognition, 35(1), 157-172."
171,White (2003b),1,40,bidirectional,4,4,4,0,0.5,1,-0.5,0.5,preventive,-11.3,"White, P. A. (2003). Causal judgement as evaluation of evidence: The use of confirmatory and disconfirmatory information. The Quarterly Journal of Experimental Psychology Section A, 56(3), 491-513."
172,White (2003b),1,40,bidirectional,4,4,8,0,0.5,1,-0.5,0.5,preventive,-28.85,"White, P. A. (2003). Causal judgement as evaluation of evidence: The use of confirmatory and disconfirmatory information. The Quarterly Journal of Experimental Psychology Section A, 56(3), 491-513."
173,White (2003b),1,40,bidirectional,4,8,4,0,0.3333333333333333,1,-0.6666666666666667,0.6666666666666667,preventive,-27.87,"White, P. A. (2003). Causal judgement as evaluation of evidence: The use of confirmatory and disconfirmatory information. The Quarterly Journal of Experimental Psychology Section A, 56(3), 491-513."
174,White (2003b),1,40,bidirectional,4,8,8,0,0.3333333333333333,1,-0.6666666666666667,0.6666666666666667,preventive,-29.47,"White, P. A. (2003). Causal judgement as evaluation of evidence: The use of confirmatory and disconfirmatory information. The Quarterly Journal of Experimental Psychology Section A, 56(3), 491-513."
175,White (2003b),1,40,bidirectional,8,4,4,0,0.6666666666666666,1,-0.33333333333333337,0.33333333333333337,preventive,9.95,"White, P. A. (2003). Causal judgement as evaluation of evidence: The use of confirmatory and disconfirmatory information. The Quarterly Journal of Experimental Psychology Section A, 56(3), 491-513."
176,White (2003b),1,40,bidirectional,8,4,8,0,0.6666666666666666,1,-0.33333333333333337,0.33333333333333337,preventive,-0.45,"White, P. A. (2003). Causal judgement as evaluation of evidence: The use of confirmatory and disconfirmatory information. The Quarterly Journal of Experimental Psychology Section A, 56(3), 491-513."
177,White (2003b),1,40,bidirectional,8,8,4,0,0.5,1,-0.5,0.5,preventive,-0.35,"White, P. A. (2003). Causal judgement as evaluation of evidence: The use of confirmatory and disconfirmatory information. The Quarterly Journal of Experimental Psychology Section A, 56(3), 491-513."
178,White (2003b),1,40,bidirectional,8,8,8,0,0.5,1,-0.5,0.5,preventive,-9.47,"White, P. A. (2003). Causal judgement as evaluation of evidence: The use of confirmatory and disconfirmatory information. The Quarterly Journal of Experimental Psychology Section A, 56(3), 491-513."
179,White (2003b),1,40,bidirectional,4,4,0,4,0.5,0,0.5,0.5,generative,27.92,"White, P. A. (2003). Causal judgement as evaluation of evidence: The use of confirmatory and disconfirmatory information. The Quarterly Journal of Experimental Psychology Section A, 56(3), 491-513."
180,White (2003b),1,40,bidirectional,4,4,0,8,0.5,0,0.5,0.5,generative,27.75,"White, P. A. (2003). Causal judgement as evaluation of evidence: The use of confirmatory and disconfirmatory information. The Quarterly Journal of Experimental Psychology Section A, 56(3), 491-513."
181,White (2003b),1,40,bidirectional,4,8,0,4,0.3333333333333333,0,0.3333333333333333,0.3333333333333333,generative,2.45,"White, P. A. (2003). Causal judgement as evaluation of evidence: The use of confirmatory and disconfirmatory information. The Quarterly Journal of Experimental Psychology Section A, 56(3), 491-513."
182,White (2003b),1,40,bidirectional,4,8,0,8,0.3333333333333333,0,0.3333333333333333,0.3333333333333333,generative,7.62,"White, P. A. (2003). Causal judgement as evaluation of evidence: The use of confirmatory and disconfirmatory information. The Quarterly Journal of Experimental Psychology Section A, 56(3), 491-513."
183,White (2003b),1,40,bidirectional,8,4,0,4,0.6666666666666666,0,0.6666666666666666,0.6666666666666666,generative,55.22,"White, P. A. (2003). Causal judgement as evaluation of evidence: The use of confirmatory and disconfirmatory information. The Quarterly Journal of Experimental Psychology Section A, 56(3), 491-513."
184,White (2003b),1,40,bidirectional,8,4,0,8,0.6666666666666666,0,0.6666666666666666,0.6666666666666666,generative,49.6,"White, P. A. (2003). Causal judgement as evaluation of evidence: The use of confirmatory and disconfirmatory information. The Quarterly Journal of Experimental Psychology Section A, 56(3), 491-513."
185,White (2003b),1,40,bidirectional,8,8,0,4,0.5,0,0.5,0.5,generative,23.7,"White, P. A. (2003). Causal judgement as evaluation of evidence: The use of confirmatory and disconfirmatory information. The Quarterly Journal of Experimental Psychology Section A, 56(3), 491-513."
186,White (2003b),1,40,bidirectional,8,8,0,8,0.5,0,0.5,0.5,generative,24.42,"White, P. A. (2003). Causal judgement as evaluation of evidence: The use of confirmatory and disconfirmatory information. The Quarterly Journal of Experimental Psychology Section A, 56(3), 491-513."
187,White (2003b),1,40,bidirectional,4,0,4,4,1,0.5,0.5,1,generative,35.57,"White, P. A. (2003). Causal judgement as evaluation of evidence: The use of confirmatory and disconfirmatory information. The Quarterly Journal of Experimental Psychology Section A, 56(3), 491-513."
188,White (2003b),1,40,bidirectional,4,0,4,8,1,0.3333333333333333,0.6666666666666667,1,generative,40.8,"White, P. A. (2003). Causal judgement as evaluation of evidence: The use of confirmatory and disconfirmatory information. The Quarterly Journal of Experimental Psychology Section A, 56(3), 491-513."
189,White (2003b),1,40,bidirectional,4,0,8,4,1,0.6666666666666666,0.33333333333333337,1,generative,17.3,"White, P. A. (2003). Causal judgement as evaluation of evidence: The use of confirmatory and disconfirmatory information. The Quarterly Journal of Experimental Psychology Section A, 56(3), 491-513."
190,White (2003b),1,40,bidirectional,4,0,8,8,1,0.5,0.5,1,generative,18.7,"White, P. A. (2003). Causal judgement as evaluation of evidence: The use of confirmatory and disconfirmatory information. The Quarterly Journal of Experimental Psychology Section A, 56(3), 491-513."
191,White (2003b),1,40,bidirectional,8,0,4,4,1,0.5,0.5,1,generative,48.45,"White, P. A. (2003). Causal judgement as evaluation of evidence: The use of confirmatory and disconfirmatory information. The Quarterly Journal of Experimental Psychology Section A, 56(3), 491-513."
192,White (2003b),1,40,bidirectional,8,0,4,8,1,0.3333333333333333,0.6666666666666667,1,generative,61.2,"White, P. A. (2003). Causal judgement as evaluation of evidence: The use of confirmatory and disconfirmatory information. The Quarterly Journal of Experimental Psychology Section A, 56(3), 491-513."
193,White (2003b),1,40,bidirectional,8,0,8,4,1,0.6666666666666666,0.33333333333333337,1,generative,37.27,"White, P. A. (2003). Causal judgement as evaluation of evidence: The use of confirmatory and disconfirmatory information. The Quarterly Journal of Experimental Psychology Section A, 56(3), 491-513."
194,White (2003b),1,40,bidirectional,8,0,8,8,1,0.5,0.5,1,generative,39.25,"White, P. A. (2003). Causal judgement as evaluation of evidence: The use of confirmatory and disconfirmatory information. The Quarterly Journal of Experimental Psychology Section A, 56(3), 491-513."
195,White (2003b),1,40,bidirectional,0,4,4,4,0,0.5,-0.5,1,preventive,-40.75,"White, P. A. (2003). Causal judgement as evaluation of evidence: The use of confirmatory and disconfirmatory information. The Quarterly Journal of Experimental Psychology Section A, 56(3), 491-513."
196,White (2003b),1,40,bidirectional,0,4,4,8,0,0.3333333333333333,-0.3333333333333333,1,preventive,-29.27,"White, P. A. (2003). Causal judgement as evaluation of evidence: The use of confirmatory and disconfirmatory information. The Quarterly Journal of Experimental Psychology Section A, 56(3), 491-513."
197,White (2003b),1,40,bidirectional,0,4,8,4,0,0.6666666666666666,-0.6666666666666666,1,preventive,-44.25,"White, P. A. (2003). Causal judgement as evaluation of evidence: The use of confirmatory and disconfirmatory information. The Quarterly Journal of Experimental Psychology Section A, 56(3), 491-513."
198,White (2003b),1,40,bidirectional,0,4,8,8,0,0.5,-0.5,1,preventive,-33.65,"White, P. A. (2003). Causal judgement as evaluation of evidence: The use of confirmatory and disconfirmatory information. The Quarterly Journal of Experimental Psychology Section A, 56(3), 491-513."
199,White (2003b),1,40,bidirectional,0,8,4,4,0,0.5,-0.5,1,preventive,-49.77,"White, P. A. (2003). Causal judgement as evaluation of evidence: The use of confirmatory and disconfirmatory information. The Quarterly Journal of Experimental Psychology Section A, 56(3), 491-513."
200,White (2003b),1,40,bidirectional,0,8,4,8,0,0.3333333333333333,-0.3333333333333333,1,preventive,-33.65,"White, P. A. (2003). Causal judgement as evaluation of evidence: The use of confirmatory and disconfirmatory information. The Quarterly Journal of Experimental Psychology Section A, 56(3), 491-513."
201,White (2003b),1,40,bidirectional,0,8,8,4,0,0.6666666666666666,-0.6666666666666666,1,preventive,-54.27,"White, P. A. (2003). Causal judgement as evaluation of evidence: The use of confirmatory and disconfirmatory information. The Quarterly Journal of Experimental Psychology Section A, 56(3), 491-513."
202,White (2003b),1,40,bidirectional,0,8,8,8,0,0.5,-0.5,1,preventive,-42.67,"White, P. A. (2003). Causal judgement as evaluation of evidence: The use of confirmatory and disconfirmatory information. The Quarterly Journal of Experimental Psychology Section A, 56(3), 491-513."
203,White (2003b),2,39,bidirectional,6,3,3,0,0.6666666666666666,1,-0.33333333333333337,0.33333333333333337,preventive,-11.77,"White, P. A. (2003). Causal judgement as evaluation of evidence: The use of confirmatory and disconfirmatory information. The Quarterly Journal of Experimental Psychology Section A, 56(3), 491-513."
204,White (2003b),2,39,bidirectional,6,3,6,0,0.6666666666666666,1,-0.33333333333333337,0.33333333333333337,preventive,0.79,"White, P. A. (2003). Causal judgement as evaluation of evidence: The use of confirmatory and disconfirmatory information. The Quarterly Journal of Experimental Psychology Section A, 56(3), 491-513."
205,White (2003b),2,39,bidirectional,6,6,3,0,0.5,1,-0.5,0.5,preventive,4.49,"White, P. A. (2003). Causal judgement as evaluation of evidence: The use of confirmatory and disconfirmatory information. The Quarterly Journal of Experimental Psychology Section A, 56(3), 491-513."
206,White (2003b),2,39,bidirectional,6,6,6,0,0.5,1,-0.5,0.5,preventive,-2.18,"White, P. A. (2003). Causal judgement as evaluation of evidence: The use of confirmatory and disconfirmatory information. The Quarterly Journal of Experimental Psychology Section A, 56(3), 491-513."
207,White (2003b),2,39,bidirectional,12,3,3,0,0.8,1,-0.19999999999999996,0.19999999999999996,preventive,40,"White, P. A. (2003). Causal judgement as evaluation of evidence: The use of confirmatory and disconfirmatory information. The Quarterly Journal of Experimental Psychology Section A, 56(3), 491-513."
208,White (2003b),2,39,bidirectional,12,3,6,0,0.8,1,-0.19999999999999996,0.19999999999999996,preventive,23.38,"White, P. A. (2003). Causal judgement as evaluation of evidence: The use of confirmatory and disconfirmatory information. The Quarterly Journal of Experimental Psychology Section A, 56(3), 491-513."
209,White (2003b),2,39,bidirectional,12,6,3,0,0.6666666666666666,1,-0.33333333333333337,0.33333333333333337,preventive,25.92,"White, P. A. (2003). Causal judgement as evaluation of evidence: The use of confirmatory and disconfirmatory information. The Quarterly Journal of Experimental Psychology Section A, 56(3), 491-513."
210,White (2003b),2,39,bidirectional,12,6,6,0,0.6666666666666666,1,-0.33333333333333337,0.33333333333333337,preventive,10.26,"White, P. A. (2003). Causal judgement as evaluation of evidence: The use of confirmatory and disconfirmatory information. The Quarterly Journal of Experimental Psychology Section A, 56(3), 491-513."
211,White (2003b),2,39,bidirectional,6,3,0,6,0.6666666666666666,0,0.6666666666666666,0.6666666666666666,generative,41.85,"White, P. A. (2003). Causal judgement as evaluation of evidence: The use of confirmatory and disconfirmatory information. The Quarterly Journal of Experimental Psychology Section A, 56(3), 491-513."
212,White (2003b),2,39,bidirectional,6,3,0,12,0.6666666666666666,0,0.6666666666666666,0.6666666666666666,generative,40.51,"White, P. A. (2003). Causal judgement as evaluation of evidence: The use of confirmatory and disconfirmatory information. The Quarterly Journal of Experimental Psychology Section A, 56(3), 491-513."
213,White (2003b),2,39,bidirectional,6,6,0,6,0.5,0,0.5,0.5,generative,22.32,"White, P. A. (2003). Causal judgement as evaluation of evidence: The use of confirmatory and disconfirmatory information. The Quarterly Journal of Experimental Psychology Section A, 56(3), 491-513."
214,White (2003b),2,39,bidirectional,6,6,0,12,0.5,0,0.5,0.5,generative,16.44,"White, P. A. (2003). Causal judgement as evaluation of evidence: The use of confirmatory and disconfirmatory information. The Quarterly Journal of Experimental Psychology Section A, 56(3), 491-513."
215,White (2003b),2,39,bidirectional,12,3,0,6,0.8,0,0.8,0.8,generative,71.38,"White, P. A. (2003). Causal judgement as evaluation of evidence: The use of confirmatory and disconfirmatory information. The Quarterly Journal of Experimental Psychology Section A, 56(3), 491-513."
216,White (2003b),2,39,bidirectional,12,3,0,12,0.8,0,0.8,0.8,generative,69.38,"White, P. A. (2003). Causal judgement as evaluation of evidence: The use of confirmatory and disconfirmatory information. The Quarterly Journal of Experimental Psychology Section A, 56(3), 491-513."
217,White (2003b),2,39,bidirectional,12,6,0,6,0.6666666666666666,0,0.6666666666666666,0.6666666666666666,generative,39.38,"White, P. A. (2003). Causal judgement as evaluation of evidence: The use of confirmatory and disconfirmatory information. The Quarterly Journal of Experimental Psychology Section A, 56(3), 491-513."
218,White (2003b),2,39,bidirectional,12,6,0,12,0.6666666666666666,0,0.6666666666666666,0.6666666666666666,generative,44.38,"White, P. A. (2003). Causal judgement as evaluation of evidence: The use of confirmatory and disconfirmatory information. The Quarterly Journal of Experimental Psychology Section A, 56(3), 491-513."
219,White (2003b),2,39,bidirectional,6,0,3,6,1,0.3333333333333333,0.6666666666666667,1,generative,43.69,"White, P. A. (2003). Causal judgement as evaluation of evidence: The use of confirmatory and disconfirmatory information. The Quarterly Journal of Experimental Psychology Section A, 56(3), 491-513."
220,White (2003b),2,39,bidirectional,6,0,3,12,1,0.2,0.8,1,generative,60.51,"White, P. A. (2003). Causal judgement as evaluation of evidence: The use of confirmatory and disconfirmatory information. The Quarterly Journal of Experimental Psychology Section A, 56(3), 491-513."
221,White (2003b),2,39,bidirectional,6,0,6,6,1,0.5,0.5,1,generative,28.97,"White, P. A. (2003). Causal judgement as evaluation of evidence: The use of confirmatory and disconfirmatory information. The Quarterly Journal of Experimental Psychology Section A, 56(3), 491-513."
222,White (2003b),2,39,bidirectional,6,0,6,12,1,0.3333333333333333,0.6666666666666667,1,generative,37.21,"White, P. A. (2003). Causal judgement as evaluation of evidence: The use of confirmatory and disconfirmatory information. The Quarterly Journal of Experimental Psychology Section A, 56(3), 491-513."
223,White (2003b),2,39,bidirectional,12,0,3,6,1,0.3333333333333333,0.6666666666666667,1,generative,60.95,"White, P. A. (2003). Causal judgement as evaluation of evidence: The use of confirmatory and disconfirmatory information. The Quarterly Journal of Experimental Psychology Section A, 56(3), 491-513."
224,White (2003b),2,39,bidirectional,12,0,3,12,1,0.2,0.8,1,generative,72.41,"White, P. A. (2003). Causal judgement as evaluation of evidence: The use of confirmatory and disconfirmatory information. The Quarterly Journal of Experimental Psychology Section A, 56(3), 491-513."
225,White (2003b),2,39,bidirectional,12,0,6,6,1,0.5,0.5,1,generative,40.82,"White, P. A. (2003). Causal judgement as evaluation of evidence: The use of confirmatory and disconfirmatory information. The Quarterly Journal of Experimental Psychology Section A, 56(3), 491-513."
226,White (2003b),2,39,bidirectional,12,0,6,12,1,0.3333333333333333,0.6666666666666667,1,generative,52.74,"White, P. A. (2003). Causal judgement as evaluation of evidence: The use of confirmatory and disconfirmatory information. The Quarterly Journal of Experimental Psychology Section A, 56(3), 491-513."
227,White (2003b),2,39,bidirectional,0,3,3,6,0,0.3333333333333333,-0.3333333333333333,1,preventive,-26.51,"White, P. A. (2003). Causal judgement as evaluation of evidence: The use of confirmatory and disconfirmatory information. The Quarterly Journal of Experimental Psychology Section A, 56(3), 491-513."
228,White (2003b),2,39,bidirectional,0,3,3,12,0,0.2,-0.2,1,preventive,-22.26,"White, P. A. (2003). Causal judgement as evaluation of evidence: The use of confirmatory and disconfirmatory information. The Quarterly Journal of Experimental Psychology Section A, 56(3), 491-513."
229,White (2003b),2,39,bidirectional,0,3,6,6,0,0.5,-0.5,1,preventive,-36.51,"White, P. A. (2003). Causal judgement as evaluation of evidence: The use of confirmatory and disconfirmatory information. The Quarterly Journal of Experimental Psychology Section A, 56(3), 491-513."
230,White (2003b),2,39,bidirectional,0,3,6,12,0,0.3333333333333333,-0.3333333333333333,1,preventive,-24.54,"White, P. A. (2003). Causal judgement as evaluation of evidence: The use of confirmatory and disconfirmatory information. The Quarterly Journal of Experimental Psychology Section A, 56(3), 491-513."
231,White (2003b),2,39,bidirectional,0,6,3,6,0,0.3333333333333333,-0.3333333333333333,1,preventive,-41.18,"White, P. A. (2003). Causal judgement as evaluation of evidence: The use of confirmatory and disconfirmatory information. The Quarterly Journal of Experimental Psychology Section A, 56(3), 491-513."
232,White (2003b),2,39,bidirectional,0,6,3,12,0,0.2,-0.2,1,preventive,-32.05,"White, P. A. (2003). Causal judgement as evaluation of evidence: The use of confirmatory and disconfirmatory information. The Quarterly Journal of Experimental Psychology Section A, 56(3), 491-513."
233,White (2003b),2,39,bidirectional,0,6,6,6,0,0.5,-0.5,1,preventive,-41.91,"White, P. A. (2003). Causal judgement as evaluation of evidence: The use of confirmatory and disconfirmatory information. The Quarterly Journal of Experimental Psychology Section A, 56(3), 491-513."
234,White (2003b),2,39,bidirectional,0,6,6,12,0,0.3333333333333333,-0.3333333333333333,1,preventive,-33.13,"White, P. A. (2003). Causal judgement as evaluation of evidence: The use of confirmatory and disconfirmatory information. The Quarterly Journal of Experimental Psychology Section A, 56(3), 491-513."
235,White (2003a),1,49,generative,4,0,10,10,1,0.5,0.5,1,generative,39.22,"White, P. A. (2003). Making causal judgments from the proportion of confirming instances: the pCI rule. Journal of Experimental Psychology: Learning, Memory, and Cognition, 29(4), 710-727 ."
236,White (2003a),1,49,generative,10,10,0,4,0.5,0,0.5,0.5,generative,43.22,"White, P. A. (2003). Making causal judgments from the proportion of confirming instances: the pCI rule. Journal of Experimental Psychology: Learning, Memory, and Cognition, 29(4), 710-727 ."
237,White (2003a),1,49,generative,8,0,8,8,1,0.5,0.5,1,generative,53.71,"White, P. A. (2003). Making causal judgments from the proportion of confirming instances: the pCI rule. Journal of Experimental Psychology: Learning, Memory, and Cognition, 29(4), 710-727 ."
238,White (2003a),1,49,generative,8,8,0,8,0.5,0,0.5,0.5,generative,46.63,"White, P. A. (2003). Making causal judgments from the proportion of confirming instances: the pCI rule. Journal of Experimental Psychology: Learning, Memory, and Cognition, 29(4), 710-727 ."
239,White (2003a),1,49,generative,12,0,6,6,1,0.5,0.5,1,generative,66.59,"White, P. A. (2003). Making causal judgments from the proportion of confirming instances: the pCI rule. Journal of Experimental Psychology: Learning, Memory, and Cognition, 29(4), 710-727 ."
240,White (2003a),1,49,generative,6,6,0,12,0.5,0,0.5,0.5,generative,56.63,"White, P. A. (2003). Making causal judgments from the proportion of confirming instances: the pCI rule. Journal of Experimental Psychology: Learning, Memory, and Cognition, 29(4), 710-727 ."
241,White (2003a),1,49,generative,12,4,4,4,0.75,0.5,0.25,0.5,generative,54.61,"White, P. A. (2003). Making causal judgments from the proportion of confirming instances: the pCI rule. Journal of Experimental Psychology: Learning, Memory, and Cognition, 29(4), 710-727 ."
242,White (2003a),1,49,generative,4,4,4,12,0.5,0.25,0.25,0.3333333333333333,generative,39.08,"White, P. A. (2003). Making causal judgments from the proportion of confirming instances: the pCI rule. Journal of Experimental Psychology: Learning, Memory, and Cognition, 29(4), 710-727 ."
243,White (2003a),2,40,generative,4,0,10,10,1,0.5,0.5,1,generative,39.97,"White, P. A. (2003). Making causal judgments from the proportion of confirming instances: the pCI rule. Journal of Experimental Psychology: Learning, Memory, and Cognition, 29(4), 710-727 ."
244,White (2003a),2,40,generative,10,10,0,4,0.5,0,0.5,0.5,generative,46.87,"White, P. A. (2003). Making causal judgments from the proportion of confirming instances: the pCI rule. Journal of Experimental Psychology: Learning, Memory, and Cognition, 29(4), 710-727 ."
245,White (2003a),2,40,generative,8,0,8,8,1,0.5,0.5,1,generative,59.85,"White, P. A. (2003). Making causal judgments from the proportion of confirming instances: the pCI rule. Journal of Experimental Psychology: Learning, Memory, and Cognition, 29(4), 710-727 ."
246,White (2003a),2,40,generative,8,8,0,8,0.5,0,0.5,0.5,generative,46.65,"White, P. A. (2003). Making causal judgments from the proportion of confirming instances: the pCI rule. Journal of Experimental Psychology: Learning, Memory, and Cognition, 29(4), 710-727 ."
247,White (2003a),2,40,generative,12,0,6,6,1,0.5,0.5,1,generative,73.8,"White, P. A. (2003). Making causal judgments from the proportion of confirming instances: the pCI rule. Journal of Experimental Psychology: Learning, Memory, and Cognition, 29(4), 710-727 ."
248,White (2003a),2,40,generative,6,6,0,12,0.5,0,0.5,0.5,generative,55.22,"White, P. A. (2003). Making causal judgments from the proportion of confirming instances: the pCI rule. Journal of Experimental Psychology: Learning, Memory, and Cognition, 29(4), 710-727 ."
249,White (2003a),2,40,generative,12,4,4,4,0.75,0.5,0.25,0.5,generative,61.12,"White, P. A. (2003). Making causal judgments from the proportion of confirming instances: the pCI rule. Journal of Experimental Psychology: Learning, Memory, and Cognition, 29(4), 710-727 ."
250,White (2003a),2,40,generative,4,4,4,12,0.5,0.25,0.25,0.3333333333333333,generative,42.9,"White, P. A. (2003). Making causal judgments from the proportion of confirming instances: the pCI rule. Journal of Experimental Psychology: Learning, Memory, and Cognition, 29(4), 710-727 ."
251,White (2003a),3,36,generative,4,0,10,10,1,0.5,0.5,1,generative,39.83,"White, P. A. (2003). Making causal judgments from the proportion of confirming instances: the pCI rule. Journal of Experimental Psychology: Learning, Memory, and Cognition, 29(4), 710-727 ."
252,White (2003a),3,36,generative,10,10,0,4,0.5,0,0.5,0.5,generative,48.31,"White, P. A. (2003). Making causal judgments from the proportion of confirming instances: the pCI rule. Journal of Experimental Psychology: Learning, Memory, and Cognition, 29(4), 710-727 ."
253,White (2003a),3,36,generative,8,0,8,8,1,0.5,0.5,1,generative,48.33,"White, P. A. (2003). Making causal judgments from the proportion of confirming instances: the pCI rule. Journal of Experimental Psychology: Learning, Memory, and Cognition, 29(4), 710-727 ."
254,White (2003a),3,36,generative,8,8,0,8,0.5,0,0.5,0.5,generative,49.72,"White, P. A. (2003). Making causal judgments from the proportion of confirming instances: the pCI rule. Journal of Experimental Psychology: Learning, Memory, and Cognition, 29(4), 710-727 ."
255,White (2003a),3,36,generative,12,0,6,6,1,0.5,0.5,1,generative,56.31,"White, P. A. (2003). Making causal judgments from the proportion of confirming instances: the pCI rule. Journal of Experimental Psychology: Learning, Memory, and Cognition, 29(4), 710-727 ."
256,White (2003a),3,36,generative,6,6,0,12,0.5,0,0.5,0.5,generative,47.53,"White, P. A. (2003). Making causal judgments from the proportion of confirming instances: the pCI rule. Journal of Experimental Psychology: Learning, Memory, and Cognition, 29(4), 710-727 ."
257,White (2003a),3,36,generative,12,4,4,4,0.75,0.5,0.25,0.5,generative,50.86,"White, P. A. (2003). Making causal judgments from the proportion of confirming instances: the pCI rule. Journal of Experimental Psychology: Learning, Memory, and Cognition, 29(4), 710-727 ."
258,White (2003a),3,36,generative,4,4,4,12,0.5,0.25,0.25,0.3333333333333333,generative,34.22,"White, P. A. (2003). Making causal judgments from the proportion of confirming instances: the pCI rule. Journal of Experimental Psychology: Learning, Memory, and Cognition, 29(4), 710-727 ."
259,White (2003a),4,42,generative,4,0,10,10,1,0.5,0.5,1,generative,44.03,"White, P. A. (2003). Making causal judgments from the proportion of confirming instances: the pCI rule. Journal of Experimental Psychology: Learning, Memory, and Cognition, 29(4), 710-727 ."
260,White (2003a),4,42,generative,8,0,20,20,1,0.5,0.5,1,generative,44.76,"White, P. A. (2003). Making causal judgments from the proportion of confirming instances: the pCI rule. Journal of Experimental Psychology: Learning, Memory, and Cognition, 29(4), 710-727 ."
261,White (2003a),4,42,generative,10,10,0,4,0.5,0,0.5,0.5,generative,50.24,"White, P. A. (2003). Making causal judgments from the proportion of confirming instances: the pCI rule. Journal of Experimental Psychology: Learning, Memory, and Cognition, 29(4), 710-727 ."
262,White (2003a),4,42,generative,20,20,0,8,0.5,0,0.5,0.5,generative,54.64,"White, P. A. (2003). Making causal judgments from the proportion of confirming instances: the pCI rule. Journal of Experimental Psychology: Learning, Memory, and Cognition, 29(4), 710-727 ."
263,White (2003a),4,42,generative,12,0,6,6,1,0.5,0.5,1,generative,67.07,"White, P. A. (2003). Making causal judgments from the proportion of confirming instances: the pCI rule. Journal of Experimental Psychology: Learning, Memory, and Cognition, 29(4), 710-727 ."
264,White (2003a),4,42,generative,24,0,12,12,1,0.5,0.5,1,generative,70.02,"White, P. A. (2003). Making causal judgments from the proportion of confirming instances: the pCI rule. Journal of Experimental Psychology: Learning, Memory, and Cognition, 29(4), 710-727 ."
265,White (2003a),4,42,generative,6,6,0,12,0.5,0,0.5,0.5,generative,59.62,"White, P. A. (2003). Making causal judgments from the proportion of confirming instances: the pCI rule. Journal of Experimental Psychology: Learning, Memory, and Cognition, 29(4), 710-727 ."
266,White (2003a),4,42,generative,12,12,0,24,0.5,0,0.5,0.5,generative,58.71,"White, P. A. (2003). Making causal judgments from the proportion of confirming instances: the pCI rule. Journal of Experimental Psychology: Learning, Memory, and Cognition, 29(4), 710-727 ."
267,White (2003a),5,39,generative,8,0,24,8,1,0.75,0.25,1,generative,26.23,"White, P. A. (2003). Making causal judgments from the proportion of confirming instances: the pCI rule. Journal of Experimental Psychology: Learning, Memory, and Cognition, 29(4), 710-727 ."
268,White (2003a),5,39,generative,8,24,0,8,0.25,0,0.25,0.25,generative,27.08,"White, P. A. (2003). Making causal judgments from the proportion of confirming instances: the pCI rule. Journal of Experimental Psychology: Learning, Memory, and Cognition, 29(4), 710-727 ."
269,White (2003a),5,39,generative,6,2,16,16,0.75,0.5,0.25,0.5,generative,28.49,"White, P. A. (2003). Making causal judgments from the proportion of confirming instances: the pCI rule. Journal of Experimental Psychology: Learning, Memory, and Cognition, 29(4), 710-727 ."
270,White (2003a),5,39,generative,16,16,2,6,0.5,0.25,0.25,0.3333333333333333,generative,37.38,"White, P. A. (2003). Making causal judgments from the proportion of confirming instances: the pCI rule. Journal of Experimental Psychology: Learning, Memory, and Cognition, 29(4), 710-727 ."
271,White (2003a),5,39,generative,4,4,8,24,0.5,0.25,0.25,0.3333333333333333,generative,37.21,"White, P. A. (2003). Making causal judgments from the proportion of confirming instances: the pCI rule. Journal of Experimental Psychology: Learning, Memory, and Cognition, 29(4), 710-727 ."
272,White (2003a),5,39,generative,24,8,4,4,0.75,0.5,0.25,0.5,generative,53.64,"White, P. A. (2003). Making causal judgments from the proportion of confirming instances: the pCI rule. Journal of Experimental Psychology: Learning, Memory, and Cognition, 29(4), 710-727 ."
273,White (2003a),5,39,generative,2,6,0,32,0.25,0,0.25,0.25,generative,41.05,"White, P. A. (2003). Making causal judgments from the proportion of confirming instances: the pCI rule. Journal of Experimental Psychology: Learning, Memory, and Cognition, 29(4), 710-727 ."
274,White (2003a),5,39,generative,32,0,6,2,1,0.75,0.25,1,generative,70.33,"White, P. A. (2003). Making causal judgments from the proportion of confirming instances: the pCI rule. Journal of Experimental Psychology: Learning, Memory, and Cognition, 29(4), 710-727 ."
275,White (2003a),6,43,generative,6,12,2,4,0.3333333333333333,0.3333333333333333,0,0,zero,31,"White, P. A. (2003). Making causal judgments from the proportion of confirming instances: the pCI rule. Journal of Experimental Psychology: Learning, Memory, and Cognition, 29(4), 710-727 ."
276,White (2003a),6,43,generative,4,2,12,6,0.6666666666666666,0.6666666666666666,0,0,zero,35,"White, P. A. (2003). Making causal judgments from the proportion of confirming instances: the pCI rule. Journal of Experimental Psychology: Learning, Memory, and Cognition, 29(4), 710-727 ."
277,White (2003a),6,43,generative,2,4,6,12,0.3333333333333333,0.3333333333333333,0,0,zero,29,"White, P. A. (2003). Making causal judgments from the proportion of confirming instances: the pCI rule. Journal of Experimental Psychology: Learning, Memory, and Cognition, 29(4), 710-727 ."
278,White (2003a),6,43,generative,12,6,4,2,0.6666666666666666,0.6666666666666666,0,0,zero,54,"White, P. A. (2003). Making causal judgments from the proportion of confirming instances: the pCI rule. Journal of Experimental Psychology: Learning, Memory, and Cognition, 29(4), 710-727 ."
279,White (2004),1,42,bidirectional,8,0,8,24,1,0.25,0.75,1,generative,48.26,"White, P. A. (2004). Causal judgment from contingency information: A systematic test of the pCI rule. Memory & Cognition, 32(3), 353-368."
280,White (2004),1,42,bidirectional,16,0,6,18,1,0.25,0.75,1,generative,64.05,"White, P. A. (2004). Causal judgment from contingency information: A systematic test of the pCI rule. Memory & Cognition, 32(3), 353-368."
281,White (2004),1,42,bidirectional,24,0,4,12,1,0.25,0.75,1,generative,74.81,"White, P. A. (2004). Causal judgment from contingency information: A systematic test of the pCI rule. Memory & Cognition, 32(3), 353-368."
282,White (2004),1,42,bidirectional,32,0,2,6,1,0.25,0.75,1,generative,88.33,"White, P. A. (2004). Causal judgment from contingency information: A systematic test of the pCI rule. Memory & Cognition, 32(3), 353-368."
283,White (2004),1,42,bidirectional,6,2,0,32,0.75,0,0.75,0.75,generative,79.79,"White, P. A. (2004). Causal judgment from contingency information: A systematic test of the pCI rule. Memory & Cognition, 32(3), 353-368."
284,White (2004),1,42,bidirectional,12,4,0,24,0.75,0,0.75,0.75,generative,58.33,"White, P. A. (2004). Causal judgment from contingency information: A systematic test of the pCI rule. Memory & Cognition, 32(3), 353-368."
285,White (2004),1,42,bidirectional,18,6,0,16,0.75,0,0.75,0.75,generative,58.38,"White, P. A. (2004). Causal judgment from contingency information: A systematic test of the pCI rule. Memory & Cognition, 32(3), 353-368."
286,White (2004),1,42,bidirectional,24,8,0,8,0.75,0,0.75,0.75,generative,59.6,"White, P. A. (2004). Causal judgment from contingency information: A systematic test of the pCI rule. Memory & Cognition, 32(3), 353-368."
287,White (2004),1,42,bidirectional,8,0,16,16,1,0.5,0.5,1,generative,30.29,"White, P. A. (2004). Causal judgment from contingency information: A systematic test of the pCI rule. Memory & Cognition, 32(3), 353-368."
288,White (2004),1,42,bidirectional,16,0,12,12,1,0.5,0.5,1,generative,44.55,"White, P. A. (2004). Causal judgment from contingency information: A systematic test of the pCI rule. Memory & Cognition, 32(3), 353-368."
289,White (2004),1,42,bidirectional,24,0,8,8,1,0.5,0.5,1,generative,60.48,"White, P. A. (2004). Causal judgment from contingency information: A systematic test of the pCI rule. Memory & Cognition, 32(3), 353-368."
290,White (2004),1,42,bidirectional,32,0,4,4,1,0.5,0.5,1,generative,79.19,"White, P. A. (2004). Causal judgment from contingency information: A systematic test of the pCI rule. Memory & Cognition, 32(3), 353-368."
291,White (2004),1,42,bidirectional,6,2,8,24,0.75,0.25,0.5,0.6666666666666666,generative,19.81,"White, P. A. (2004). Causal judgment from contingency information: A systematic test of the pCI rule. Memory & Cognition, 32(3), 353-368."
292,White (2004),1,42,bidirectional,12,4,6,18,0.75,0.25,0.5,0.6666666666666666,generative,35.71,"White, P. A. (2004). Causal judgment from contingency information: A systematic test of the pCI rule. Memory & Cognition, 32(3), 353-368."
293,White (2004),1,42,bidirectional,18,6,4,12,0.75,0.25,0.5,0.6666666666666666,generative,43.24,"White, P. A. (2004). Causal judgment from contingency information: A systematic test of the pCI rule. Memory & Cognition, 32(3), 353-368."
294,White (2004),1,42,bidirectional,24,8,2,6,0.75,0.25,0.5,0.6666666666666666,generative,44.48,"White, P. A. (2004). Causal judgment from contingency information: A systematic test of the pCI rule. Memory & Cognition, 32(3), 353-368."
295,White (2004),1,42,bidirectional,4,4,0,32,0.5,0,0.5,0.5,generative,37.45,"White, P. A. (2004). Causal judgment from contingency information: A systematic test of the pCI rule. Memory & Cognition, 32(3), 353-368."
296,White (2004),1,42,bidirectional,8,8,0,24,0.5,0,0.5,0.5,generative,37.81,"White, P. A. (2004). Causal judgment from contingency information: A systematic test of the pCI rule. Memory & Cognition, 32(3), 353-368."
297,White (2004),1,42,bidirectional,12,12,0,16,0.5,0,0.5,0.5,generative,19.76,"White, P. A. (2004). Causal judgment from contingency information: A systematic test of the pCI rule. Memory & Cognition, 32(3), 353-368."
298,White (2004),1,42,bidirectional,16,16,0,8,0.5,0,0.5,0.5,generative,13.43,"White, P. A. (2004). Causal judgment from contingency information: A systematic test of the pCI rule. Memory & Cognition, 32(3), 353-368."
299,White (2004),1,42,bidirectional,7,1,28,4,0.875,0.875,0,0,zero,-6.43,"White, P. A. (2004). Causal judgment from contingency information: A systematic test of the pCI rule. Memory & Cognition, 32(3), 353-368."
300,White (2004),1,42,bidirectional,14,2,21,3,0.875,0.875,0,0,zero,-3.14,"White, P. A. (2004). Causal judgment from contingency information: A systematic test of the pCI rule. Memory & Cognition, 32(3), 353-368."
301,White (2004),1,42,bidirectional,21,3,14,2,0.875,0.875,0,0,zero,21.76,"White, P. A. (2004). Causal judgment from contingency information: A systematic test of the pCI rule. Memory & Cognition, 32(3), 353-368."
302,White (2004),1,42,bidirectional,28,4,7,1,0.875,0.875,0,0,zero,40.69,"White, P. A. (2004). Causal judgment from contingency information: A systematic test of the pCI rule. Memory & Cognition, 32(3), 353-368."
303,White (2004),1,42,bidirectional,6,2,24,8,0.75,0.75,0,0,zero,-21.05,"White, P. A. (2004). Causal judgment from contingency information: A systematic test of the pCI rule. Memory & Cognition, 32(3), 353-368."
304,White (2004),1,42,bidirectional,12,4,18,6,0.75,0.75,0,0,zero,-1.21,"White, P. A. (2004). Causal judgment from contingency information: A systematic test of the pCI rule. Memory & Cognition, 32(3), 353-368."
305,White (2004),1,42,bidirectional,18,6,12,4,0.75,0.75,0,0,zero,13.48,"White, P. A. (2004). Causal judgment from contingency information: A systematic test of the pCI rule. Memory & Cognition, 32(3), 353-368."
306,White (2004),1,42,bidirectional,24,8,6,2,0.75,0.75,0,0,zero,35.02,"White, P. A. (2004). Causal judgment from contingency information: A systematic test of the pCI rule. Memory & Cognition, 32(3), 353-368."
307,White (2004),1,42,bidirectional,4,4,16,16,0.5,0.5,0,0,zero,-2.05,"White, P. A. (2004). Causal judgment from contingency information: A systematic test of the pCI rule. Memory & Cognition, 32(3), 353-368."
308,White (2004),1,42,bidirectional,8,8,12,12,0.5,0.5,0,0,zero,-2.17,"White, P. A. (2004). Causal judgment from contingency information: A systematic test of the pCI rule. Memory & Cognition, 32(3), 353-368."
309,White (2004),1,42,bidirectional,12,12,8,8,0.5,0.5,0,0,zero,14.5,"White, P. A. (2004). Causal judgment from contingency information: A systematic test of the pCI rule. Memory & Cognition, 32(3), 353-368."
310,White (2004),1,42,bidirectional,16,16,4,4,0.5,0.5,0,0,zero,10.14,"White, P. A. (2004). Causal judgment from contingency information: A systematic test of the pCI rule. Memory & Cognition, 32(3), 353-368."
311,White (2004),1,42,bidirectional,2,6,8,24,0.25,0.25,0,0,zero,-19.43,"White, P. A. (2004). Causal judgment from contingency information: A systematic test of the pCI rule. Memory & Cognition, 32(3), 353-368."
312,White (2004),1,42,bidirectional,4,12,6,18,0.25,0.25,0,0,zero,-11.64,"White, P. A. (2004). Causal judgment from contingency information: A systematic test of the pCI rule. Memory & Cognition, 32(3), 353-368."
313,White (2004),1,42,bidirectional,6,18,4,12,0.25,0.25,0,0,zero,-23.19,"White, P. A. (2004). Causal judgment from contingency information: A systematic test of the pCI rule. Memory & Cognition, 32(3), 353-368."
314,White (2004),1,42,bidirectional,8,24,2,6,0.25,0.25,0,0,zero,-34.57,"White, P. A. (2004). Causal judgment from contingency information: A systematic test of the pCI rule. Memory & Cognition, 32(3), 353-368."
315,White (2004),1,42,bidirectional,1,7,4,28,0.125,0.125,0,0,zero,-16.79,"White, P. A. (2004). Causal judgment from contingency information: A systematic test of the pCI rule. Memory & Cognition, 32(3), 353-368."
316,White (2004),1,42,bidirectional,2,14,3,21,0.125,0.125,0,0,zero,-22.64,"White, P. A. (2004). Causal judgment from contingency information: A systematic test of the pCI rule. Memory & Cognition, 32(3), 353-368."
317,White (2004),1,42,bidirectional,3,21,2,14,0.125,0.125,0,0,zero,-34.95,"White, P. A. (2004). Causal judgment from contingency information: A systematic test of the pCI rule. Memory & Cognition, 32(3), 353-368."
318,White (2004),1,42,bidirectional,4,28,1,7,0.125,0.125,0,0,zero,-43.48,"White, P. A. (2004). Causal judgment from contingency information: A systematic test of the pCI rule. Memory & Cognition, 32(3), 353-368."
319,White (2004),2,42,bidirectional,6,2,0,32,0.75,0,0.75,0.75,generative,68.36,"White, P. A. (2004). Causal judgment from contingency information: A systematic test of the pCI rule. Memory & Cognition, 32(3), 353-368."
320,White (2004),2,42,bidirectional,6,2,8,24,0.75,0.25,0.5,0.6666666666666666,generative,22.81,"White, P. A. (2004). Causal judgment from contingency information: A systematic test of the pCI rule. Memory & Cognition, 32(3), 353-368."
321,White (2004),2,42,bidirectional,6,2,16,16,0.75,0.5,0.25,0.5,generative,13.14,"White, P. A. (2004). Causal judgment from contingency information: A systematic test of the pCI rule. Memory & Cognition, 32(3), 353-368."
322,White (2004),2,42,bidirectional,6,2,24,8,0.75,0.75,0,0,zero,-10.55,"White, P. A. (2004). Causal judgment from contingency information: A systematic test of the pCI rule. Memory & Cognition, 32(3), 353-368."
323,White (2004),2,42,bidirectional,6,2,32,0,0.75,1,-0.25,0.25,preventive,-34.07,"White, P. A. (2004). Causal judgment from contingency information: A systematic test of the pCI rule. Memory & Cognition, 32(3), 353-368."
324,White (2004),2,42,bidirectional,15,5,0,20,0.75,0,0.75,0.75,generative,63.02,"White, P. A. (2004). Causal judgment from contingency information: A systematic test of the pCI rule. Memory & Cognition, 32(3), 353-368."
325,White (2004),2,42,bidirectional,15,5,5,15,0.75,0.25,0.5,0.6666666666666666,generative,52.14,"White, P. A. (2004). Causal judgment from contingency information: A systematic test of the pCI rule. Memory & Cognition, 32(3), 353-368."
326,White (2004),2,42,bidirectional,15,5,10,10,0.75,0.5,0.25,0.5,generative,28.81,"White, P. A. (2004). Causal judgment from contingency information: A systematic test of the pCI rule. Memory & Cognition, 32(3), 353-368."
327,White (2004),2,42,bidirectional,15,5,15,5,0.75,0.75,0,0,zero,6.79,"White, P. A. (2004). Causal judgment from contingency information: A systematic test of the pCI rule. Memory & Cognition, 32(3), 353-368."
328,White (2004),2,42,bidirectional,15,5,20,0,0.75,1,-0.25,0.25,preventive,-1.74,"White, P. A. (2004). Causal judgment from contingency information: A systematic test of the pCI rule. Memory & Cognition, 32(3), 353-368."
329,White (2004),2,42,bidirectional,24,8,0,8,0.75,0,0.75,0.75,generative,65.62,"White, P. A. (2004). Causal judgment from contingency information: A systematic test of the pCI rule. Memory & Cognition, 32(3), 353-368."
330,White (2004),2,42,bidirectional,24,8,2,6,0.75,0.25,0.5,0.6666666666666666,generative,54.36,"White, P. A. (2004). Causal judgment from contingency information: A systematic test of the pCI rule. Memory & Cognition, 32(3), 353-368."
331,White (2004),2,42,bidirectional,24,8,4,4,0.75,0.5,0.25,0.5,generative,44.79,"White, P. A. (2004). Causal judgment from contingency information: A systematic test of the pCI rule. Memory & Cognition, 32(3), 353-368."
332,White (2004),2,42,bidirectional,24,8,6,2,0.75,0.75,0,0,zero,39.29,"White, P. A. (2004). Causal judgment from contingency information: A systematic test of the pCI rule. Memory & Cognition, 32(3), 353-368."
333,White (2004),2,42,bidirectional,24,8,8,0,0.75,1,-0.25,0.25,preventive,7.12,"White, P. A. (2004). Causal judgment from contingency information: A systematic test of the pCI rule. Memory & Cognition, 32(3), 353-368."
334,White (2004),2,42,bidirectional,4,4,0,32,0.5,0,0.5,0.5,generative,42.71,"White, P. A. (2004). Causal judgment from contingency information: A systematic test of the pCI rule. Memory & Cognition, 32(3), 353-368."
335,White (2004),2,42,bidirectional,4,4,8,24,0.5,0.25,0.25,0.3333333333333333,generative,13.64,"White, P. A. (2004). Causal judgment from contingency information: A systematic test of the pCI rule. Memory & Cognition, 32(3), 353-368."
336,White (2004),2,42,bidirectional,4,4,16,16,0.5,0.5,0,0,zero,-2.9,"White, P. A. (2004). Causal judgment from contingency information: A systematic test of the pCI rule. Memory & Cognition, 32(3), 353-368."
337,White (2004),2,42,bidirectional,4,4,24,8,0.5,0.75,-0.25,0.3333333333333333,preventive,-21.38,"White, P. A. (2004). Causal judgment from contingency information: A systematic test of the pCI rule. Memory & Cognition, 32(3), 353-368."
338,White (2004),2,42,bidirectional,4,4,24,8,0.5,0.75,-0.25,0.3333333333333333,preventive,-51,"White, P. A. (2004). Causal judgment from contingency information: A systematic test of the pCI rule. Memory & Cognition, 32(3), 353-368."
339,White (2004),2,42,bidirectional,10,10,0,20,0.5,0,0.5,0.5,generative,31.26,"White, P. A. (2004). Causal judgment from contingency information: A systematic test of the pCI rule. Memory & Cognition, 32(3), 353-368."
340,White (2004),2,42,bidirectional,10,10,5,15,0.5,0.25,0.25,0.3333333333333333,generative,16.29,"White, P. A. (2004). Causal judgment from contingency information: A systematic test of the pCI rule. Memory & Cognition, 32(3), 353-368."
341,White (2004),2,42,bidirectional,10,10,10,10,0.5,0.5,0,0,zero,0.5,"White, P. A. (2004). Causal judgment from contingency information: A systematic test of the pCI rule. Memory & Cognition, 32(3), 353-368."
342,White (2004),2,42,bidirectional,10,10,15,5,0.5,0.75,-0.25,0.3333333333333333,preventive,-3.21,"White, P. A. (2004). Causal judgment from contingency information: A systematic test of the pCI rule. Memory & Cognition, 32(3), 353-368."
343,White (2004),2,42,bidirectional,10,10,20,0,0.5,1,-0.5,0.5,preventive,-35.12,"White, P. A. (2004). Causal judgment from contingency information: A systematic test of the pCI rule. Memory & Cognition, 32(3), 353-368."
344,White (2004),2,42,bidirectional,16,16,0,8,0.5,0,0.5,0.5,generative,29.98,"White, P. A. (2004). Causal judgment from contingency information: A systematic test of the pCI rule. Memory & Cognition, 32(3), 353-368."
345,White (2004),2,42,bidirectional,16,16,2,6,0.5,0.25,0.25,0.3333333333333333,generative,18.87,"White, P. A. (2004). Causal judgment from contingency information: A systematic test of the pCI rule. Memory & Cognition, 32(3), 353-368."
346,White (2004),2,42,bidirectional,16,16,4,4,0.5,0.5,0,0,zero,11.19,"White, P. A. (2004). Causal judgment from contingency information: A systematic test of the pCI rule. Memory & Cognition, 32(3), 353-368."
347,White (2004),2,42,bidirectional,16,16,6,2,0.5,0.75,-0.25,0.3333333333333333,preventive,-1.98,"White, P. A. (2004). Causal judgment from contingency information: A systematic test of the pCI rule. Memory & Cognition, 32(3), 353-368."
348,White (2004),2,42,bidirectional,16,16,8,0,0.5,1,-0.5,0.5,preventive,4.1,"White, P. A. (2004). Causal judgment from contingency information: A systematic test of the pCI rule. Memory & Cognition, 32(3), 353-368."
